"airline","airport","arr_ent","dep_ent","yearly_passengers","hub_type","arr_del","dep_del"
"AA","ABQ",2.2829383721262,2.31735272773549,2479239,"Medium",19.3281938325991,10.7675317504141
"AA","ALB",2.58784445246409,2.69710330522313,1397839,"Small",14.0350877192982,10.3515625
"AA","AMA",2.75508085400891,3.10955571124689,340989,"Nonhub",20.6572769953052,12.2065727699531
"AA","ANC",2.42691793908575,2.84455062696363,2501286,"Medium",20.5574912891986,15.3310104529617
"AA","ATL",1.08284858845923,1.42503720517706,44817870,"Large",17.1759298663716,15.2311103530616
"AA","AUS",1.18069513571865,1.38096178057265,6779552,"Medium",16.4250162302532,13.2016067745087
"AA","BDL",1.52590030768734,1.84484964741722,3097000,"Medium",16.7201834862385,10.4247990815155
"AA","BNA",1.55482364511558,1.98445629508975,7035239,"Medium",14.4444444444444,13.552040617067
"AA","BOI",2.62812726243506,2.66411613640652,1801509,"Small",10.4450499545867,8.36363636363636
"AA","BOS",0.650585955387735,0.905971161084038,15481957,"Large",19.0321943511752,15.5847236498774
"AA","BUF",2.25951313539853,2.66346970668736,2356494,"Medium",14.2450142450142,12.7376425855513
"AA","BWI",1.55241321058192,2.01282156607078,12684344,"Large",16.6379310344828,12.4006908462867
"AA","BZN",2.78096018805637,2.97655557480002,598702,"Small",18.3206106870229,42.3076923076923
"AA","CHS",2.04356887195289,2.34001925877302,1949384,"Medium",15.3473344103393,13.614262560778
"AA","CLE",2.15616821775889,2.17270901853177,4401569,"Medium",14.8042414355628,12.4642419288925
"AA","CLT",1.21494241392145,1.50028488645078,20785356,"Large",12.3670752918876,16.0325182967399
"AA","CMH",1.95225694196527,2.12312594795954,3704541,"Medium",17.3485444531865,14.4378698224852
"AA","COS",2.4362387073484,2.56952597900122,852204,"Small",21.627408993576,14.2041399000714
"AA","CRP",3.02237815340713,3.16241008750746,320783,"Nonhub",16.1764705882353,5.88235294117647
"AA","CVG",2.70394583414354,2.86246998108487,3680221,"Medium",24.577861163227,14.4465290806754
"AA","DAB",2.7938002940456,2.80344992179329,344758,"Nonhub",0,0
"AA","DAY",2.65473021352177,2.79188273848872,933907,"Small",24.1791044776119,15.9940209267564
"AA","DCA",0.818799669942862,1.08945989505301,11390840,"Large",15.2807363048109,14.7979899497487
"AA","DEN",1.10356412075333,1.28725373058199,28903645,"Large",17.5347222222222,14.6687408491947
"AA","DFW",1.07167928237955,1.19887917134683,27862777,"Large",14.9335729972241,19.3567302262954
"AA","DSM",2.3032990589853,2.58257183169205,1274917,"Small",16.4324984728161,11.5479115479115
"AA","DTW",1.53293162686502,1.63801913553868,15375391,"Large",15.5839895013123,14.100032905561
"AA","EGE",1.91974241481696,1.9479012048907,155172,"Nonhub",22.1734357848518,18.6046511627907
"AA","ELP",2.17710580573986,2.66680024807551,1466345,"Small",18.952802359882,12.9342202512934
"AA","EWR",1.40421175852078,1.42550624448229,15327436,"Large",27.4399248221238,18.4578183772166
"AA","FAT",2.43101251200772,2.75079751291308,650815,"Small",20.6802721088435,13.469387755102
"AA","FLL",1.39003114778166,1.52662120196979,12419785,"Large",15.8846806105144,12.984441301273
"AA","GEG",2.57908222258622,2.57622114479039,1700983,"Small",9.34371523915462,8.59375
"AA","GSO",3.03006151345736,2.91467114062486,881109,"Small",4.25531914893617,9.57446808510638
"AA","GSP",2.63834570835729,2.64695440811297,1035938,"Small",19.7297297297297,17.8861788617886
"AA","GUC",2.37491234123122,2.6089381827439,32392,"Nonhub",23.2876712328767,19.0140845070423
"AA","HDN",2.60759966449262,2.95404630384705,94484,"Nonhub",16,22.5165562913907
"AA","HNL",1.35953211497673,1.85151770954758,7424983,"Medium",20.2339986235375,10.8417041912019
"AA","IAD",2.04497006667034,2.35228614323152,7371602,"Medium",19.7389240506329,17.5702413929561
"AA","IAH",1.06508857652297,1.33398682754186,14625107,"Large",16.0181123531909,13.371104815864
"AA","ICT",2.90080678305939,2.8694664406562,809842,"Small",23.7569060773481,10.4972375690608
"AA","ILM",2.32221441980165,2.57196978283169,418892,"Small",10.6432748538012,8.79249706916764
"AA","IND",1.82520980508569,1.82709298986783,4367415,"Medium",17.1444171444171,13.0815544608648
"AA","JAC",2.1958643738798,2.39615764139082,339024,"Nonhub",19.4805194805195,26.6233766233766
"AA","JAX",1.81385413142077,2.01694393436741,2703132,"Medium",16.9496758258722,12.3067408781694
"AA","JFK",0.903604966471153,1.15353110827422,13676143,"Large",23.0409777138749,19.7846889952153
"AA","KOA",1.95842041593727,2.24786251844536,1681142,"Small",19.1690273843248,12.0837297811608
"AA","LAS",1.04291231832569,1.12195378136593,21754529,"Large",18.8006262337486,15.2378356276407
"AA","LAX",0.759223131925018,1.1378845208732,29409829,"Large",19.4710156290837,18.0339869281046
"AA","LBB",2.9133005766785,2.88619319478481,464052,"Small",24.2990654205607,15.8878504672897
"AA","LGA",0.72823060656505,0.976072928587848,13589163,"Large",20.8904587070688,15.4440513870788
"AA","LIH",1.78726722222139,2.15368197290767,1502050,"Small",18.3212996389892,11.8074477747502
"AA","MCI",1.61930105218677,1.86074511426868,5775386,"Medium",16.1060546102097,10.4365079365079
"AA","MCO",1.05370045806981,1.18778583187202,19022844,"Large",17.8198136787094,17.2125554418287
"AA","MDT",2.52295305980848,2.88009478985406,576917,"Small",13.5135135135135,10.2514506769826
"AA","MEM",1.83184212899121,2.2703899821527,2122447,"Medium",15.5608755129959,12.0205479452055
"AA","MFE",2.34117910909392,2.74451237204882,322756,"Nonhub",17.9327521793275,13.2334581772784
"AA","MHT",3.08381632458705,3.1564141074325,971670,"Small",17.5,15
"AA","MIA",0.994045502416466,1.26256521980493,10371722,"Large",16.3019169329073,20.6435653440262
"AA","MKE",2.13775156076695,2.53681661070997,3417379,"Medium",19.1011235955056,14.1018766756032
"AA","MSP",1.07742830695529,1.37153777309846,17046950,"Large",15.8741258741259,13.1495971038188
"AA","MSY",1.31841610017287,1.74332125264456,6031426,"Medium",18.1958690459463,13.1493735041532
"AA","MTJ",2.9315243638532,2.73139110972247,122094,"Nonhub",19.8473282442748,24.4274809160305
"AA","MYR",2.74571319196311,2.94686884972408,1144900,"Small",6.13207547169811,6.13207547169811
"AA","OAK",2.67444998192418,2.66137934243093,6199519,"Medium",9.57128614157527,7.99200799200799
"AA","OGG",1.58769919669274,1.89816288694204,3264579,"Medium",20.1852754753779,11.0186092066601
"AA","OKC",2.10395138916948,2.32183013759266,1956400,"Medium",17.0347003154574,11.6745905969361
"AA","OMA",2.22024167677964,2.735962110124,2295573,"Medium",17.3384870237438,9.01050304035379
"AA","ONT",2.0453277564646,2.50028861116565,2232571,"Medium",16.0856935366739,10.4075691411936
"AA","ORD",0.892000165878301,1.20187205410824,32397952,"Large",15.3119842579662,19.5088676671214
"AA","ORF",2.07233368344373,2.46451287451082,1715525,"Small",15.1727591387081,12.1608040201005
"AA","PBI",1.55278432531611,1.83572698633856,3038458,"Medium",14.4849785407725,13.5513013551301
"AA","PDX",1.67680559099786,1.49682677560054,9091341,"Large",19.5139385275197,14.0401146131805
"AA","PHL",1.11463556450516,1.52915478157418,12609106,"Large",15.3711033562077,18.6892523364486
"AA","PHX",1.01174801166596,1.19600819152281,20580907,"Large",12.3804434945231,12.8195555555556
"AA","PIT",1.61529637206845,1.74199376449699,4245874,"Medium",14.9518499746579,9.75650997632736
"AA","PNS",2.42112231766553,2.75924306896765,850198,"Small",17.4887892376682,6.81818181818182
"AA","PSP",2.36374428018964,2.7723268551058,869822,"Small",17.0974155069582,12.2388059701493
"AA","PVD",1.67662817563551,2.38571246311802,1883749,"Medium",16.4078892152749,9.32773109243698
"AA","PWM",2.18970463854362,2.74683042833169,924703,"Small",12.5,11.2021857923497
"AA","RDU",1.39971935492476,1.55314560532048,5556987,"Medium",16.0145392345521,14.7584877369605
"AA","RIC",2.00314910270513,2.00661294225221,1819633,"Small",17.5540765391015,13.8146911519199
"AA","RNO",2.09776194271538,2.39833870774992,1944629,"Medium",16.2487945998071,10.6660231660232
"AA","ROC",2.65619071543518,2.4922069665066,1200895,"Small",15.5052264808362,10.6457242582897
"AA","RSW",1.56036481452658,1.69671365281446,4170956,"Medium",15.0844982265804,12.107904642409
"AA","SAN",1.17487088598551,1.78193727142752,10783376,"Large",17.6774903687397,11.7465224111283
"AA","SAT",1.42897394821743,1.78426503949275,4315831,"Medium",17.7215189873418,11.7559769167354
"AA","SAV",2.64656003002582,2.45982027992896,1196245,"Small",11.8790496760259,11.4718614718615
"AA","SBA",2.58393770675045,2.73290754264983,350631,"Nonhub",15.1291512915129,14.0221402214022
"AA","SDF",2.84256481240976,3.12329712908335,1714412,"Small",13.0081300813008,19.5918367346939
"AA","SEA",1.15245395284679,1.41261863144102,20273105,"Large",20.4498508147808,12.0644048303623
"AA","SFO",0.862993810961796,1.27124300446913,20565622,"Large",24.8378826722968,17.9324416232147
"AA","SJC",1.74478438437675,2.31644403357583,5841651,"Medium",13.8983878847093,9.93393687301199
"AA","SJU",1.19027011404728,1.4086497129421,3484584,"Medium",17.896148687488,14.1101938951814
"AA","SLC",1.79871510182575,2.03007593572228,11192766,"Large",17.0594594594595,11.1951588502269
"AA","SMF",1.53884233791903,1.95118107827704,5343834,"Medium",18.2443653618031,12.3486107812871
"AA","SNA",1.32973603460198,1.93374919259527,5029430,"Medium",12.6698313963005,10.9436435124509
"AA","STL",1.14633530894121,1.93651373282737,7341336,"Medium",17.6259946949602,12.5182530200451
"AA","STT",1.69014112021135,1.84138363067798,595722,"Small",20.1040988939493,17.1129980404964
"AA","STX",2.43350808661254,2.40779595972581,187990,"Nonhub",19.57928802589,15.7212317666126
"AA","SYR",2.64289628928327,2.84824383445523,1009548,"Small",16.6666666666667,12.597200622084
"AA","TPA",1.25423713910268,1.50099077910986,9198974,"Large",16.0915613255893,12.3504273504274
"AA","TUL",1.8835016623064,1.83941763339742,1407521,"Small",20.4152249134948,12.5562089242477
"AA","TUS",1.47288044004487,1.70457965389975,1677366,"Small",17.9931972789116,10.6014271151886
"AA","VPS",2.7399923302217,2.827043746604,568036,"Small",11.1969111969112,9.30232558139535
"AA","XNA",1.9179986751743,2.34664314912579,698464,"Small",41.1764705882353,58.8235294117647
"DL","ABE",2.61414911541325,2.81836448150871,329809,"Nonhub",13.5977337110482,7.6271186440678
"DL","ABQ",1.83628416174026,2.64221323096873,2479239,"Medium",12.8459900638751,6.81334279630944
"DL","AGS",2.15600719161266,2.31370586664176,282248,"Nonhub",16.354556803995,13.9650872817955
"DL","ALB",2.1023107033949,2.60803234513456,1397839,"Small",15.9256801592568,10.4318936877076
"DL","ANC",1.84602364231293,2.42005181005838,2501286,"Medium",16.3662932294204,9.74184120798831
"DL","ATL",0.766040462834864,0.934517087052334,44817870,"Large",12.479410018646,15.8565017924741
"DL","ATW",2.37990215023882,2.80265404703006,280282,"Nonhub",15.7469717362046,4.5945945945946
"DL","AUS",1.40882984595816,1.647673573957,6779552,"Medium",15.3158705701079,13.2582188609353
"DL","AVL",2.43200409505847,2.42258443889859,476881,"Small",15.5844155844156,8.6038961038961
"DL","AVP",2.51604927299393,2.92021387949411,257524,"Nonhub",13.8328530259366,6.35838150289017
"DL","BDL",1.41609068964303,1.7525450920288,3097000,"Medium",14.4819557625146,10.748426206575
"DL","BGR",2.91468021457053,3.13328827693601,266679,"Nonhub",16.8539325842697,23.5955056179775
"DL","BHM",1.31977030073597,1.67844658333828,1382980,"Small",14.1604417018513,10.974025974026
"DL","BIL",2.29181768400197,2.7716258811726,420262,"Small",11.7813383600377,4.52830188679245
"DL","BIS",2.60135060082649,2.72362284050234,274528,"Nonhub",14.3149284253579,7.99180327868853
"DL","BMI",3.13149298392736,3.1664867526105,161266,"Nonhub",6.45161290322581,3.2258064516129
"DL","BNA",1.17966368301753,1.52629973358674,7035239,"Medium",15.8287705326033,14.3378692333223
"DL","BOI",2.11376405354487,2.57429988826404,1801509,"Small",13.6744186046512,5.49348230912477
"DL","BOS",0.730404086956905,1.35277279192107,15481957,"Large",22.5390402731239,18.9662807616879
"DL","BTR",2.55956245759815,2.4879348104446,379514,"Small",7.5812274368231,12.3188405797101
"DL","BTV",3.03612981760422,2.84555508391067,576047,"Small",16.2079510703364,11.3149847094801
"DL","BUF",2.13174225910707,2.15148904819607,2356494,"Medium",14.4768856447689,12.4137931034483
"DL","BWI",1.25291078970895,1.42636326337395,12684344,"Large",13.9316718006161,13.7974506233366
"DL","BZN",2.09661252964321,2.62387443479778,598702,"Small",14.2857142857143,10.1930501930502
"DL","CAE",1.73761543556142,2.10340178456872,534855,"Small",14.2752562225476,8.71794871794872
"DL","CAK",2.03160136737378,2.47931548234735,614448,"Small",13.5048231511254,9.67741935483871
"DL","CHA",2.41183852374211,2.45931233969781,482116,"Small",17.6395939086294,9.87341772151899
"DL","CHO",2.22144902996248,3.08521765327858,332669,"Nonhub",14.1566265060241,6.62650602409639
"DL","CHS",1.36269904447818,1.54545168058005,1949384,"Medium",14.1718106995885,11.165423205557
"DL","CID",2.82969126120292,3.17151233938709,575392,"Small",13.2930513595166,5.4380664652568
"DL","CLE",1.52164861127464,1.73453672312773,4401569,"Medium",16.0768452982811,11.7369308600337
"DL","CLT",1.18348598642072,1.66393586727969,20785356,"Large",13.2021041914135,11.8704425979312
"DL","CMH",1.33843987721012,1.91336990927681,3704541,"Medium",14.7692307692308,9.56911024062675
"DL","COS",2.41138924935192,2.86295888404369,852204,"Small",31.3432835820896,7.16417910447761
"DL","CRW",2.84136267841105,2.57042382046812,203065,"Nonhub",13.946587537092,3.55029585798817
"DL","CVG",1.16979501418643,1.76989808728067,3680221,"Medium",14.3626570915619,10.6832298136646
"DL","DAB",2.39263772027081,2.48458731009493,344758,"Nonhub",15.6327543424318,11.0421836228288
"DL","DAL",2.29308571555882,2.26999003172002,7948408,"Large",11.377245508982,17.3965206958608
"DL","DAY",2.3534179893929,2.49006965003291,933907,"Small",13.1559497413156,9.98520710059172
"DL","DCA",1.20002536786861,1.4802051253392,11390840,"Large",14.0815187046343,12.5670241286863
"DL","DEN",1.2919958030769,1.39300428304591,28903645,"Large",15.3492095257154,14.994994994995
"DL","DFW",1.2547482040838,1.58449133441123,27862777,"Large",14.466869083765,12.2116931879135
"DL","DSM",2.40313256885556,2.64758755138053,1274917,"Small",11.7768595041322,8.67768595041322
"DL","DTW",1.41426574462438,1.86329069203688,15375391,"Large",12.3466899264824,14.2722419928826
"DL","ECP",2.22588320679308,2.17821679815299,464013,"Small",15.2671755725191,11.0941475826972
"DL","EGE",2.87726021326935,2.98959675403815,155172,"Nonhub",7.21649484536082,18.9473684210526
"DL","ELP",2.2909649010696,2.65642254924858,1466345,"Small",15.1796060254925,12.3112659698026
"DL","EVV",2.58647317439012,3.13997944715087,212335,"Nonhub",17.9878048780488,5.77507598784195
"DL","EWR",0.967004453150634,1.51768642420331,15327436,"Large",36.5370506236244,20.5984945841748
"DL","EYW",2.45826680563116,2.41895983324572,377068,"Small",8.20829655781112,10.9734513274336
"DL","FAI",2.33936528905762,2.6276960571978,570398,"Small",16.25,13.5338345864662
"DL","FAR",2.56691964935694,2.76268199246059,404546,"Small",12.3096446700508,7.09759188846641
"DL","FAY",2.41837973347748,2.81252304781406,238969,"Nonhub",13.8248847926267,7.14285714285714
"DL","FCA",2.73008468800084,2.54538484886229,270091,"Nonhub",7.94871794871795,6.92307692307692
"DL","FLL",0.954932776301074,0.979641601837061,12419785,"Large",16.3600108764615,15.8707100054476
"DL","FNT",2.34559182013468,2.74428539478868,389484,"Small",13.5,9.4
"DL","FSD",2.16211239506252,2.52380748038493,545134,"Small",14.7028154327424,6.89655172413793
"DL","GEG",2.15280566381197,2.29093790983755,1700983,"Small",13.167701863354,8.81987577639751
"DL","GNV",2.72136091213845,2.36451532020248,215774,"Nonhub",13.4228187919463,10.0671140939597
"DL","GPT",2.52568833756437,2.44555485188046,320129,"Nonhub",12.3973727422003,11.1842105263158
"DL","GRB",1.98432262457538,2.81044156744592,282847,"Nonhub",9.1644204851752,4.72334682860999
"DL","GRR",1.83618043648417,1.75804919411905,1405896,"Small",13.0221763795771,9.13312693498452
"DL","GSO",1.77353238530861,1.99689026144251,881109,"Small",14.1911460488209,8.52296235002069
"DL","GSP",1.62442389497317,2.15005882401681,1035938,"Small",16.1179991449337,9.49529512403764
"DL","GTF",2.82977965121237,3.13487517486062,171596,"Nonhub",19.7368421052632,6.57894736842105
"DL","HDN",2.63535631703139,2.8625500441656,94484,"Nonhub",15.6862745098039,39.2156862745098
"DL","HNL",1.33381824036037,1.97332762894606,7424983,"Medium",17.6299644817565,10.5365223012282
"DL","HOU",1.80707799665216,2.0906345608077,6337812,"Medium",13.5178286322512,10.2290889717635
"DL","HPN",2.80922720864559,2.69980748535868,757957,"Small",15.1515151515152,18.1818181818182
"DL","HSV",1.78703434034278,2.10757292433079,525772,"Small",12.7606752730884,9.02777777777778
"DL","IAD",1.65928998578963,1.89863270001335,7371602,"Medium",15.5357142857143,11.9685602000715
"DL","IAH",1.49656769775128,2.10930934520758,14625107,"Large",16.7451244115669,16.4028292354328
"DL","ICT",2.370352936838,2.68901087319812,809842,"Small",12.463768115942,9.46859903381643
"DL","ILM",2.80050170815815,3.10156728984288,418892,"Small",15.4727793696275,4.28571428571429
"DL","IND",1.11746299458696,1.6417870408393,4367415,"Medium",14.18,9.96996996996997
"DL","JAC",2.51681139740201,2.69256196032033,339024,"Nonhub",14.6527117031399,14.9809160305344
"DL","JAN",1.46022936516257,2.12250432394791,461213,"Small",16.4457535591556,11.2039312039312
"DL","JAX",0.982742181886052,1.0498454556431,2703132,"Medium",14.497565294378,9.96457041629761
"DL","JFK",0.808738137647133,1.55378269552797,13676143,"Large",24.7179101415578,21.4788491765188
"DL","JNU",2.95032225592953,3.15819945920575,431174,"Small",8.57142857142857,9.52380952380952
"DL","KOA",2.08441676587406,2.44208456343065,1681142,"Small",18.7079407806191,21.0027100271003
"DL","LAS",1.01462468124283,1.21576375677963,21754529,"Large",13.2733236707605,12.9101175034335
"DL","LAX",0.659515115353774,0.64915641136411,29409829,"Large",17.3861472672223,26.3666999500749
"DL","LEX",2.13489215847222,2.4489188205017,636052,"Small",12.5,8.73873873873874
"DL","LFT",2.54158632375372,3.15990359093158,201623,"Nonhub",13.3333333333333,4.34782608695652
"DL","LGA",0.770269625936231,0.809719622117057,13589163,"Large",23.6289281102023,20.8259764868007
"DL","LIH",2.31785825282804,2.55496351466506,1502050,"Small",21.2765957446809,15.4255319148936
"DL","LIT",1.73458591803556,1.92924096784497,987690,"Small",14.4165863066538,10.3664416586307
"DL","MCI",1.51049954188566,1.84662609549597,5775386,"Medium",11.8501529051988,10.0520195838433
"DL","MCO",0.79535122310827,1.1413422954572,19022844,"Large",16.0413237214055,14.942071785552
"DL","MDT",2.33128242871894,2.4999558883049,576917,"Small",12.5116713352007,9.62616822429907
"DL","MDW",1.7083750287071,2.18127347907358,10820348,"Large",12.6838966202783,10.5807478122514
"DL","MEM",1.30359139782485,1.70389533825798,2122447,"Medium",16.4737310774711,12.2048997772829
"DL","MHT",2.7202080549414,3.11466855600619,971670,"Small",20.7253886010363,6.49350649350649
"DL","MIA",1.00655059905522,1.34111362562971,10371722,"Large",18.7434990638652,18.9594172736733
"DL","MKE",1.48267276461677,1.68563547706141,3417379,"Medium",11.8148363354639,9.5967429236138
"DL","MLB",2.17631174216309,2.62024855115852,219086,"Nonhub",12.4539425202653,10.9144542772861
"DL","MOB",2.60913269152244,3.00438803656667,291486,"Nonhub",12.6106194690265,5.75221238938053
"DL","MSN",1.86454698287631,2.30720457380192,944899,"Small",11.6358658453114,7.73442847364819
"DL","MSO",2.47009956609719,2.54485050567589,384941,"Small",15.1693667157585,4.860088365243
"DL","MSP",1.2669352903566,1.58427591179566,17046950,"Large",12.2336274686356,12.4360647377342
"DL","MSY",1.10274408239916,1.37018806084585,6031426,"Medium",17.7297148367544,15.4989676531315
"DL","MTJ",2.76586343545004,2.91651027338747,122094,"Nonhub",2.85714285714286,11.4285714285714
"DL","MYR",2.49439788025591,2.3596011510015,1144900,"Small",12.0033812341505,9.04480135249366
"DL","OAJ",3.05028250858242,2.808236697525,158848,"Nonhub",12.0879120879121,12.0879120879121
"DL","OAK",2.12501484685317,2.58581785768556,6199519,"Medium",11.7595048629531,10.6984969053935
"DL","OGG",1.56204264858864,2.30343961412354,3264579,"Medium",17.0773152081563,8.071367884452
"DL","OKC",1.8717676321224,2.31130362981034,1956400,"Medium",12.9856306546035,8.04475226425146
"DL","OMA",1.82797166174849,2.06957236162771,2295573,"Medium",13.0049261083744,7.72264212947749
"DL","ONT",2.95306079843025,3.16791880640624,2232571,"Medium",11.6352201257862,3.13479623824451
"DL","ORD",0.974402341681373,1.10996041712436,32397952,"Large",14.5148771021992,16.304347826087
"DL","ORF",1.68847669990288,1.98362410000057,1715525,"Small",15.255376344086,11.6122517670818
"DL","PBI",1.08525744543707,1.11604743395049,3038458,"Medium",17.7621032382174,18.5214881334189
"DL","PDX",1.45082553500301,1.61141472401243,9091341,"Large",14.5569620253165,12.2884271363699
"DL","PHF",2.98649585441503,3.06723301676325,198516,"Nonhub",14.2857142857143,5.71428571428571
"DL","PHL",1.08080301778768,1.64024972091826,12609106,"Large",17.1714201705381,12.5937913785494
"DL","PHX",1.05278231872797,1.17710566555111,20580907,"Large",14.1576086956522,10.7472826086957
"DL","PIT",1.50981538749323,1.87156505045426,4245874,"Medium",14.2229118179467,10.8464923634481
"DL","PNS",1.77420968814759,2.23470638135479,850198,"Small",14.2626262626263,11.6053376465831
"DL","PSC",2.80442665352496,2.96177297252653,371762,"Nonhub",9.05511811023622,3.93700787401575
"DL","PSP",2.42533624177418,2.6517607247951,869822,"Small",18.0451127819549,21.0526315789474
"DL","PVD",2.30164586171229,2.53107148179783,1883749,"Medium",13.6363636363636,12.874251497006
"DL","PWM",2.61465676873582,2.48286566219873,924703,"Small",16.5588615782665,15.8031088082902
"DL","RAP",2.564414021144,2.82359639508236,292303,"Nonhub",14.2857142857143,5.10204081632653
"DL","RDU",1.25073971208042,1.54347165742354,5556987,"Medium",15.8100832109643,14.3650016323865
"DL","RIC",1.65549922699991,1.86571222913357,1819633,"Small",15.221843003413,11.5437158469945
"DL","RNO",2.58654764304456,2.71428807898391,1944629,"Medium",12.5720876585928,11.0726643598616
"DL","ROA",2.64904176961567,2.84792099688309,308617,"Nonhub",20.3883495145631,7.2992700729927
"DL","ROC",2.40203969323306,2.31581023645415,1200895,"Small",16.0547156227502,11.0310021629416
"DL","RSW",1.1472270352462,1.34335593098521,4170956,"Medium",14.1638528523192,10.8977777777778
"DL","SAN",1.26170548086099,1.71163622307003,10783376,"Large",13.5489385952415,11.5784970768573
"DL","SAT",1.39818600627127,1.97275564897124,4315831,"Medium",16.9148936170213,9.08122503328895
"DL","SAV",1.41863596455679,1.43577574498377,1196245,"Small",13.6309875813128,10.4671791839148
"DL","SBN",2.22595674773567,2.65563983474753,305829,"Nonhub",10.8108108108108,10.5263157894737
"DL","SDF",1.64342307570454,1.70147116969388,1714412,"Small",13.8056975894814,10.1861993428258
"DL","SEA",1.1026109994131,1.196224822322,20273105,"Large",14.7101619338184,15.612527586045
"DL","SFO",0.914262325466474,1.27782557234193,20565622,"Large",24.7241175975065,21.2282031842305
"DL","SGF",2.20833476684953,2.7788706936311,483054,"Small",15.5102040816327,6.91056910569106
"DL","SHV",2.87074246086984,3.02684625762664,269780,"Nonhub",9.85915492957746,7.04225352112676
"DL","SJC",1.88535043440592,2.29340182749649,5841651,"Medium",13.0111524163569,11.9732275656916
"DL","SJU",1.92097667970335,2.16932815766316,3484584,"Medium",15.1478816946443,11.28
"DL","SLC",1.73952154398729,1.90220405190633,11192766,"Large",12.0993186702638,13.5659091948242
"DL","SMF",1.84284728329889,2.21093947300122,5343834,"Medium",12.4016485575122,11.2860892388451
"DL","SNA",1.86517580251528,2.43179640710022,5029430,"Medium",12.3660130718954,12.3789583878566
"DL","SRQ",1.63103257184587,2.01022544837076,555668,"Small",16.3800904977376,11.5593834995467
"DL","STL",1.20375767245838,1.62679077881966,7341336,"Medium",13.0320226996352,10.2127659574468
"DL","STT",2.23955696374497,2.02690757360803,595722,"Small",11.6796440489433,13.6818687430478
"DL","STX",2.2159912688676,2.15283436654505,187990,"Nonhub",14.2857142857143,28.5714285714286
"DL","SYR",2.48980824077787,2.41776700966861,1009548,"Small",14.2265193370166,11.0650069156293
"DL","TLH",2.00891570514197,2.12753930492012,354192,"Nonhub",12.8387096774194,10.258064516129
"DL","TPA",1.07015676043173,1.12587985350059,9198974,"Large",17.3234664764622,16.002140754616
"DL","TRI",2.71405422453889,2.96740579844006,194582,"Nonhub",18.0371352785146,6.38297872340426
"DL","TUL",2.38654654366158,2.55721474916448,1407521,"Small",14.3783783783784,10.1731601731602
"DL","TUS",2.00021789923696,2.21938791251902,1677366,"Small",18.1603773584906,11.7298578199052
"DL","TVC",2.71929556681343,2.66580268888227,230148,"Nonhub",13.2132132132132,6.00600600600601
"DL","TYS",2.24398875979203,2.53388988645144,966012,"Small",16.0952380952381,9.42857142857143
"DL","VPS",1.89880923912933,2.16334220722959,568036,"Small",14.687675858188,10.2362204724409
"DL","XNA",2.42210160460983,2.99568892683367,698464,"Small",12.6903553299492,6.77966101694915
"UA","ABQ",2.43097371039566,2.60028291818836,2479239,"Medium",15.1912568306011,11.1597374179431
"UA","AGS",3.17800753435459,3.17697911070903,282248,"Nonhub",100,100
"UA","ALB",2.15344656536317,2.61315590159018,1397839,"Small",20.8206686930091,21.3089802130898
"UA","ANC",2.16440842581595,2.45343674003082,2501286,"Medium",17.6025917926566,13.7297297297297
"UA","ATL",1.00325863873074,1.19967055425966,44817870,"Large",15.9121818535069,22.9763994538717
"UA","AUS",1.12855013065231,1.37086114280476,6779552,"Medium",14.8405197873597,13.8313609467456
"UA","AVL",2.33366931921163,2.01814307231632,476881,"Small",22.7848101265823,55.9105431309904
"UA","BDL",1.87771691456438,2.27385141728732,3097000,"Medium",18.1766704416761,10.2665910380034
"UA","BIL",2.50524303402757,2.6709311536404,420262,"Small",12.7791563275434,7.32919254658385
"UA","BNA",1.62750793024842,2.04831886092392,7035239,"Medium",22.7867203219316,23.5294117647059
"UA","BOI",2.67753345455292,2.77866289702539,1801509,"Small",11.7732558139535,6.5406976744186
"UA","BOS",0.788107163592556,1.05806942057741,15481957,"Large",21.3726130243186,19.8072367883689
"UA","BQN",2.36698952942545,2.4868501133822,234855,"Nonhub",38.5454545454545,43.0656934306569
"UA","BTR",2.8673140491926,2.89308233890856,379514,"Small",50,50
"UA","BTV",2.6698018336966,2.75523738779583,576047,"Small",22.1739130434783,12.1212121212121
"UA","BUF",2.35122170271777,2.8459262761266,2356494,"Medium",21.6942148760331,10.5809128630705
"UA","BUR",2.15163488066978,2.6460078953103,2475490,"Medium",17.3850574712644,19.5965417867435
"UA","BWI",1.54633257825238,2.07038657429862,12684344,"Large",16.0481770833333,11.9242077752368
"UA","BZN",2.29532677806104,2.27110211648572,598702,"Small",14.2452161587527,13.9518413597734
"UA","CHS",1.90774696968662,2.45996590476366,1949384,"Medium",16.4893617021277,18.4
"UA","CID",2.39529644864345,2.73260754698557,575392,"Small",13.5353535353535,8.90688259109312
"UA","CLE",1.37017565678796,1.71509642785191,4401569,"Medium",16.0610054603653,10.5094339622642
"UA","CLT",2.15232923453614,2.31660299498134,20785356,"Large",18.4639255236618,13.0434782608696
"UA","CMH",2.24812772986914,2.48899658303491,3704541,"Medium",13.3684210526316,11.1696522655427
"UA","CVG",2.28128491350739,2.10271160963596,3680221,"Medium",20.5539358600583,17.3469387755102
"UA","DCA",1.29196748759013,1.75433897482892,11390840,"Large",16.4764947512551,9.67815567222095
"UA","DEN",1.40739899951652,1.69729600069298,28903645,"Large",11.4521650253898,14.4260700389105
"UA","DFW",1.1446845603342,1.56108432409534,27862777,"Large",16.1662452591656,13.81276730556
"UA","DSM",2.08592201967122,2.23381691004509,1274917,"Small",14.2470694319207,10.8205590622182
"UA","DTW",1.76261215916571,2.03447207923631,15375391,"Large",15.4480483782298,14.3722466960352
"UA","EGE",2.23125873726419,2.28954468249047,155172,"Nonhub",18.815331010453,27.2727272727273
"UA","EUG",2.15591114873953,2.46190898200948,522213,"Small",19.0868263473054,18.5959671396565
"UA","EWR",0.465944683169255,0.675801527235875,15327436,"Large",25.3917161514697,23.1154201292705
"UA","FAI",3.02416072415415,3.08091757309353,570398,"Small",24.6376811594203,25
"UA","FAT",2.88991134382103,3.06447169967048,650815,"Small",14.8148148148148,3.7037037037037
"UA","FCA",2.40352356130476,2.65336288844752,270091,"Nonhub",17.5732217573222,7.11297071129707
"UA","FLL",1.19663984726465,1.48746697828855,12419785,"Large",18.5528756957328,15.4929577464789
"UA","FSD",2.52078369289745,2.66486091390354,545134,"Small",15,11.623246492986
"UA","GEG",2.33602750291729,2.6453546170315,1700983,"Small",15.4098360655738,8.33333333333333
"UA","GRR",1.74502978196232,2.62194782322392,1405896,"Small",18.2666666666667,11.3484646194927
"UA","GUC",2.89698642798865,2.92781098724357,32392,"Nonhub",0,4.54545454545455
"UA","GUM",2.59006054791406,2.5852889757206,165040,"Nonhub",18.6301369863014,18.1318681318681
"UA","HDN",2.48748878800522,2.63747441596237,94484,"Nonhub",16.6666666666667,18.5897435897436
"UA","HNL",1.18334662054082,1.4651477452203,7424983,"Medium",22.8705698061484,11.2222876201687
"UA","IAD",1.54413240172646,2.20473117150662,7371602,"Medium",13.6563493099996,14.1439637914527
"UA","IAH",1.05826863831036,1.20900899405147,14625107,"Large",12.4190874989095,17.6460328257722
"UA","ICT",2.55803275578629,2.50881103238515,809842,"Small",16.191904047976,11.0778443113772
"UA","IND",1.75603842609281,2.2077588309721,4367415,"Medium",19.5600942655145,10.5428796223446
"UA","ITO",2.23942056898875,2.41601871918851,659529,"Small",14.9659863945578,8.84353741496599
"UA","JAC",2.06956046834261,2.4118391862346,339024,"Nonhub",15.7142857142857,14.6953405017921
"UA","JAX",2.15666511904236,2.33877592479644,2703132,"Medium",13.941018766756,23.9625167336011
"UA","KOA",1.8161464191781,1.994793374449,1681142,"Small",15.572625698324,13.006993006993
"UA","LAS",0.78842836642044,1.1876974969898,21754529,"Large",17.3559883961873,16.1951381398822
"UA","LAX",0.605065083992524,0.824143368743962,29409829,"Large",17.2587143754852,15.4994641339296
"UA","LGA",0.89140457895306,1.23895405172642,13589163,"Large",22.8872822093161,15.0753172814613
"UA","LIH",2.01577655840271,2.13600604315292,1502050,"Small",19.6652719665272,13.5362014690451
"UA","MCI",2.10163161685607,2.39333291803804,5775386,"Medium",16.7071393880525,10.6237816764133
"UA","MCO",0.923662469694484,1.12066693284538,19022844,"Large",16.0156582418518,17.4542358450404
"UA","MDT",2.57998020977591,2.86848086465236,576917,"Small",18.5667752442997,10.4234527687296
"UA","MEM",2.07906253090793,2.43434370127979,2122447,"Medium",16.4721141374838,14.4343302990897
"UA","MFE",2.61438141227596,2.63037475685763,322756,"Nonhub",11.81592039801,5.70719602977668
"UA","MFR",2.37038853093138,2.66361234459583,436679,"Small",18.5117967332123,15.0635208711434
"UA","MIA",1.19027564600949,1.49931212757787,10371722,"Large",19.7192086790045,19.2037470725995
"UA","MKE",2.08002042776635,2.44604366769099,3417379,"Medium",15.9509202453988,9.73360655737705
"UA","MSN",2.18995954908324,2.07559266084974,944899,"Small",15.2485256950295,11.1952861952862
"UA","MSO",3.07243486071754,3.17681564269344,384941,"Small",8.33333333333333,0
"UA","MSP",1.37398556734241,1.54690499301266,17046950,"Large",14.9050855401922,11.4580887532285
"UA","MSY",1.11361353992336,1.34859032439174,6031426,"Medium",16.1605006442113,16.006631055443
"UA","MTJ",2.66111336164086,2.56528403770878,122094,"Nonhub",18.1818181818182,18.2795698924731
"UA","MYR",2.68333491867148,2.86390864764734,1144900,"Small",12.0915032679739,20.9150326797386
"UA","OGG",1.47786128015874,1.71657547555088,3264579,"Medium",18.7011919441019,12.2474226804124
"UA","OKC",2.68017594957091,2.76951828951444,1956400,"Medium",8.06100217864924,9.30735930735931
"UA","OMA",1.90881150335561,2.19016476130563,2295573,"Medium",15.7391793142215,9.106239460371
"UA","ONT",2.56763985598927,2.74998859583538,2232571,"Medium",12.2257053291536,8.64779874213836
"UA","ORD",0.942457571032754,1.16234932465388,32397952,"Large",13.9704673716509,18.0029014863274
"UA","ORF",2.08326099152209,2.51549581748583,1715525,"Small",17.5514626218852,12.7982646420824
"UA","PBI",1.02933514961522,1.4565400677464,3038458,"Medium",25.1438689685702,27.2163120567376
"UA","PDX",1.12620137896466,1.57002578265233,9091341,"Large",18.2967591919779,13.6476065764586
"UA","PHL",1.34547761609628,1.60930107820632,12609106,"Large",18.7092095721537,13.4270479883665
"UA","PHX",0.899406953382402,1.15629988806262,20580907,"Large",16.1949468452299,11.7085982858723
"UA","PIT",1.83043843522343,2.45136230741202,4245874,"Medium",13.3365430909966,10.2551757342321
"UA","PSP",2.13227357697539,2.55566456748357,869822,"Small",13.4852801519468,14.1634980988593
"UA","PWM",2.59364361975277,2.97530382582778,924703,"Small",25,14.2857142857143
"UA","RDU",1.75579825675695,1.82402932467761,5556987,"Medium",17.074682367524,15.9726538222498
"UA","RIC",2.46577095231852,2.60278940251958,1819633,"Small",14.9606299212598,13.0177514792899
"UA","RNO",2.18154620953499,2.31883308311151,1944629,"Medium",18.3344092963202,13.8421733505821
"UA","ROC",2.43285756694388,2.7369030314838,1200895,"Small",16.20029455081,9.74889217134417
"UA","RSW",1.39564291758115,1.81369939424864,4170956,"Medium",17.1482176360225,16.7042042042042
"UA","SAN",1.01012543608473,1.6583785002004,10783376,"Large",15.5988274706868,14.176526018218
"UA","SAT",1.42276750438344,1.71703234275814,4315831,"Medium",16.5479274611399,7.79980500487488
"UA","SAV",2.05216239393983,2.83791402370051,1196245,"Small",28.1519861830743,10.5354058721934
"UA","SBA",2.38519344365792,2.74704488135721,350631,"Nonhub",18.287037037037,9.69976905311778
"UA","SDF",2.49790528188854,2.40496277045935,1714412,"Small",18.1818181818182,9.09090909090909
"UA","SEA",0.901953338625047,1.09107189256644,20273105,"Large",18.527786466479,14.5613852091374
"UA","SFO",0.686635763668784,0.954590297962253,20565622,"Large",21.3041752248132,21.262137596799
"UA","SJC",1.94622399200182,2.34151946203261,5841651,"Medium",16.8893639764832,9.15907873594001
"UA","SJU",1.69493295506822,1.72321407276461,3484584,"Medium",18.6127744510978,22.8585657370518
"UA","SLC",1.96676404766331,1.97910151319476,11192766,"Large",18.1344696969697,17.2903837044055
"UA","SMF",1.80002532347102,2.09255791623104,5343834,"Medium",17.2099087353325,9.39334637964775
"UA","SNA",1.30780007930758,1.90217915546627,5029430,"Medium",14.8444863336475,14.687844000629
"UA","SRQ",2.41958173626926,2.23412008538824,555668,"Small",8.59872611464968,18.3544303797468
"UA","STL",2.08269058174433,2.21576266247361,7341336,"Medium",24.8858447488584,17.3120728929385
"UA","STT",1.89449844190081,2.10792054081202,595722,"Small",12.7882599580713,16.8421052631579
"UA","SYR",2.74424073969386,3.00008319645408,1009548,"Small",16.5644171779141,18.5185185185185
"UA","TPA",1.08664424062003,1.31044553159892,9198974,"Large",17.0167427701674,14.8407740362639
"UA","TUL",2.6960516191303,2.7097722395303,1407521,"Small",13.1979695431472,7.28813559322034
"UA","TUS",2.44027565050706,2.57613137935859,1677366,"Small",13.8461538461538,13.6246786632391
"UA","TYS",2.63040023381152,2.50342820375493,966012,"Small",16.4516129032258,40
"WN","ABQ",0.795627575499712,0.916483931377092,2479239,"Medium",24.1645469695641,19.9982457679151
"WN","ALB",1.26395621810041,1.42999614623252,1397839,"Small",22.7911191662891,14.7258722247395
"WN","AMA",1.73496224082787,1.67443043333838,340989,"Nonhub",20.1829616923957,13.2454128440367
"WN","ATL",0.950112242006345,0.952433677460138,44817870,"Large",19.0633755192735,25.1303969863808
"WN","AUS",0.649160601670753,0.813976728446148,6779552,"Medium",21.4540956569544,20.1374885426214
"WN","BDL",0.954066187373618,1.11058135375536,3097000,"Medium",23.0071897467959,14.1316241988432
"WN","BHM",1.10629275209118,1.26775163243243,1382980,"Small",25.0596658711217,17.76080210074
"WN","BNA",0.817851744589592,0.891057180789626,7035239,"Medium",20.0030745580323,19.9821587867975
"WN","BOI",1.08514630357707,1.33439459139783,1801509,"Small",22.4695832254724,17.0031055900621
"WN","BOS",0.672975522925087,0.818551987003404,15481957,"Large",26.4703435654272,20.2716213964339
"WN","BUF",1.07199698291324,1.30207496279107,2356494,"Medium",21.2612323491656,13.1042235426369
"WN","BUR",0.795794437493329,0.852868805062099,2475490,"Medium",21.946146495025,20.4767794894861
"WN","BWI",0.736799205173546,0.886374097684487,12684344,"Large",17.6538729937195,20.5073877892389
"WN","CAK",2.37797308484085,2.41630894987505,614448,"Small",26.7260579064588,10.2222222222222
"WN","CHS",1.04532082406488,1.29093228645824,1949384,"Medium",19.3434521708436,14.7899752912107
"WN","CLE",1.12864474096527,1.28082497117539,4401569,"Medium",21.4227839896289,14.4687753446878
"WN","CLT",1.50144799479232,1.54874133488689,20785356,"Large",23.2338496411031,22.1590909090909
"WN","CMH",0.872784269706943,0.976550825283566,3704541,"Medium",22.0103986135182,17.5348798811195
"WN","CRP",1.7655165452285,2.21059306855496,320783,"Nonhub",25.1920122887865,17.0489296636086
"WN","CVG",1.60911343459295,1.62769846020283,3680221,"Medium",21.2083847102343,14.6931184128952
"WN","DAL",0.643323525615762,0.706231291024666,7948408,"Large",20.5173966171458,25.1546358626673
"WN","DAY",2.29711901238748,2.25666589893245,933907,"Small",17.1052631578947,7.69230769230769
"WN","DCA",0.945519082887238,1.16662973386416,11390840,"Large",21.3857248769967,18.15232817463
"WN","DEN",0.822480467469538,0.868166439530667,28903645,"Large",20.6280335343433,23.2532140860816
"WN","DSM",2.30099109212777,2.45398530171655,1274917,"Small",24.7821878025169,15.2509652509653
"WN","DTW",1.16395321934557,1.33795682716869,15375391,"Large",24.4689770821688,16.1682504192286
"WN","ECP",1.49309462344159,1.54414451935086,464013,"Small",21.7165898617511,17.0421721548238
"WN","ELP",0.784394320917157,1.0078976636153,1466345,"Small",25.9479877960192,19.7037897488021
"WN","EWR",0.989528855938297,1.05008067464809,15327436,"Large",35.4413916436352,27.0024370430544
"WN","FLL",0.754126610823978,0.820398773520884,12419785,"Large",18.6524790986721,22.1083258728738
"WN","FNT",1.95134099525854,2.13274973357974,389484,"Small",20.4566210045662,11.4468864468864
"WN","GEG",1.26544008685296,1.42241376692986,1700983,"Small",22.8353140916808,14.3059490084986
"WN","GRR",1.41544892523838,1.65825826965223,1405896,"Small",22.1454880294659,14.9653579676674
"WN","GSP",2.10870325078366,2.38013347598117,1035938,"Small",28.6549707602339,20.01953125
"WN","HOU",0.95857689503302,1.11808923299321,6337812,"Medium",20.3827038773416,23.1495650773196
"WN","HRL",1.79153918547004,2.04102652839284,269109,"Nonhub",25.7228315054836,18.2859990034878
"WN","IAD",1.33810648943958,1.59334196615312,7371602,"Medium",21.8958611481976,15.0312221231044
"WN","ICT",2.0089947224602,2.22854240716764,809842,"Small",23.3997155049787,17.5800711743772
"WN","IND",0.70936806510737,0.987091984615491,4367415,"Medium",22.8163713344833,16.4341692789969
"WN","ISP",0.949956067501705,1.38505856257608,654654,"Small",21.8896582532946,15.608228980322
"WN","JAX",1.0875161411908,1.17741154866949,2703132,"Medium",22.7377124483234,15.1438434982739
"WN","LAS",0.577429926609661,0.578305608081413,21754529,"Large",20.3269754768392,25.3743137014482
"WN","LAX",0.551379560991214,0.556054418450721,29409829,"Large",27.8898333573452,33.2668796387481
"WN","LBB",1.1205361970909,1.32151539024814,464052,"Small",25.420254202542,17.8981937602627
"WN","LGA",0.993042510973812,1.09765128912803,13589163,"Large",27.9486217888618,23.5537578779042
"WN","LGB",1.54358095029814,1.52160371613771,1838080,"Small",21.8602455146364,14.1776937618147
"WN","LIT",1.61599067303431,1.84074649773116,987690,"Small",27.5338530980714,21.0008203445447
"WN","MAF",1.26655920145921,1.42386693995772,522223,"Small",24.0654205607477,16.1700703046535
"WN","MCI",0.59363013737103,0.705284252452261,5775386,"Medium",21.6412548894388,17.4277502794188
"WN","MCO",0.655315335948423,0.698248294158008,19022844,"Large",18.5088020399157,19.4236847908652
"WN","MDW",0.730346733597884,0.811635229953012,10820348,"Large",18.5384878716745,22.8182751540041
"WN","MEM",1.20352159689788,1.43602533526441,2122447,"Medium",25.6122750073768,20.2654867256637
"WN","MHT",1.07722742567117,1.49319885769368,971670,"Small",21.5655664585192,11.8171683389075
"WN","MKE",0.758051783994652,1.10962993692659,3417379,"Medium",23.0449716431025,15.0506743276674
"WN","MSP",0.991784391155393,1.1842041091094,17046950,"Large",21.871451283216,17.2742759795571
"WN","MSY",0.616249358312792,0.698138593275771,6031426,"Medium",22.5828087916624,22.586802868493
"WN","OAK",0.647488179133469,0.727278655841998,6199519,"Medium",22.4364659082271,24.3359473817354
"WN","OKC",1.0658970075508,1.25044353845999,1956400,"Medium",24.6379044684129,17.5698625907056
"WN","OMA",0.944354773120601,1.06973934500367,2295573,"Medium",23.5425011125946,16.0682492581602
"WN","ONT",0.769520073741203,0.862384923264186,2232571,"Medium",24.8031836664071,20.1245890292438
"WN","ORF",1.62817130657456,1.70366845517432,1715525,"Small",19.7632711621234,16.1764705882353
"WN","PBI",1.453317125643,1.42729451677395,3038458,"Medium",22.4836097184728,16.8851195065536
"WN","PDX",0.784453622905969,0.914008323716104,9091341,"Large",24.647375309001,21.4862799330373
"WN","PHL",0.876840469631473,1.07602884360468,12609106,"Large",24.6049140615988,19.6999422965955
"WN","PHX",0.710933642675609,0.726715161584404,20580907,"Large",21.8877230147959,22.2385472554684
"WN","PIT",0.899604582930253,1.02093372677174,4245874,"Medium",21.4761762657913,13.8150691748781
"WN","PNS",1.8107187139814,2.211989223693,850198,"Small",28.4469096671949,19.6669310071372
"WN","PVD",1.06230477478521,1.34724002157243,1883749,"Medium",21.2646167171936,14.6658952849291
"WN","PWM",1.92434754957975,2.06788059793299,924703,"Small",17.3732335827099,13.6439267886855
"WN","RDU",0.804745782140894,0.999985304338071,5556987,"Medium",22.4877571008815,18.7199843183377
"WN","RIC",1.92608129810891,2.16632462395625,1819633,"Small",26.4844486333647,14.2991533396049
"WN","RNO",0.810885090883018,0.97999920151688,1944629,"Medium",22.9506157482274,20.6574523720583
"WN","ROC",1.73671299842676,1.75699624935392,1200895,"Small",15.642151481888,13.172338090011
"WN","RSW",0.842512110142036,0.981193142398342,4170956,"Medium",18.027629599234,14.7408724189799
"WN","SAN",0.610881197922892,0.716638553508083,10783376,"Large",21.68122945523,21.6022970386218
"WN","SAT",0.667011900542947,0.839844244835444,4315831,"Medium",24.0264556805538,20.2461195968091
"WN","SDF",1.04083489287147,1.45250036938,1714412,"Small",21.1678832116788,12.906897336672
"WN","SEA",0.742127696722547,0.899632536196919,20273105,"Large",27.3552686380675,23.6638038855999
"WN","SFO",0.625043380450786,0.713132694959481,20565622,"Large",34.8751435999758,30.6524762653444
"WN","SJC",0.710846760339982,0.801805402910502,5841651,"Medium",23.0429903648957,24.6138360884209
"WN","SJU",0.934288474270117,1.22363753369232,3484584,"Medium",20.4081632653061,14.6177685950413
"WN","SLC",0.765175213749263,0.852472824423496,11192766,"Large",23.8544596679067,18.943451030226
"WN","SMF",0.624595107140654,0.724584291322579,5343834,"Medium",22.7820025348542,20.4425794703298
"WN","SNA",0.977833743101494,0.995647548526246,5029430,"Medium",22.615648201028,22.0838569633269
"WN","STL",1.08099745386461,1.31463212982393,7341336,"Medium",19.324495296771,21.5305476851979
"WN","TPA",0.608847796702865,0.671097955515787,9198974,"Large",20.0569143762833,20.4335926246039
"WN","TUL",1.27574535424894,1.48768656154401,1407521,"Small",23.0622212784031,14.7408666100255
"WN","TUS",1.01222693843631,1.24959417322194,1677366,"Small",27.9912980420595,21.6634429400387
