"airline","airport","arr","dep","yearly_passengers","hub_type"
"AA","ABQ",2.2829383721262,2.31735272773549,2479239,"Medium"
"AA","ALB",2.58784445246409,2.69710330522313,1397839,"Small"
"AA","AMA",2.75508085400891,3.10955571124689,340989,"Nonhub"
"AA","ANC",2.42691793908575,2.84455062696363,2501286,"Medium"
"AA","ATL",1.08284858845923,1.42503720517706,44817870,"Large"
"AA","AUS",1.18069513571865,1.38096178057265,6779552,"Medium"
"AA","BDL",1.52590030768734,1.84484964741722,3097000,"Medium"
"AA","BNA",1.55482364511558,1.98445629508975,7035239,"Medium"
"AA","BOI",2.62812726243506,2.66411613640652,1801509,"Small"
"AA","BOS",0.650585955387735,0.905971161084038,15481957,"Large"
"AA","BUF",2.25951313539853,2.66346970668736,2356494,"Medium"
"AA","BWI",1.55241321058192,2.01282156607078,12684344,"Large"
"AA","BZN",2.78096018805637,2.97655557480002,598702,"Small"
"AA","CHS",2.04356887195289,2.34001925877302,1949384,"Medium"
"AA","CLE",2.15616821775889,2.17270901853177,4401569,"Medium"
"AA","CLT",1.21494241392145,1.50028488645078,20785356,"Large"
"AA","CMH",1.95225694196527,2.12312594795954,3704541,"Medium"
"AA","COS",2.4362387073484,2.56952597900122,852204,"Small"
"AA","CRP",3.02237815340713,3.16241008750746,320783,"Nonhub"
"AA","CVG",2.70394583414354,2.86246998108487,3680221,"Medium"
"AA","DAB",2.7938002940456,2.80344992179329,344758,"Nonhub"
"AA","DAY",2.65473021352177,2.79188273848872,933907,"Small"
"AA","DCA",0.818799669942862,1.08945989505301,11390840,"Large"
"AA","DEN",1.10356412075333,1.28725373058199,28903645,"Large"
"AA","DFW",1.07167928237955,1.19887917134683,27862777,"Large"
"AA","DSM",2.3032990589853,2.58257183169205,1274917,"Small"
"AA","DTW",1.53293162686502,1.63801913553868,15375391,"Large"
"AA","EGE",1.91974241481696,1.9479012048907,155172,"Nonhub"
"AA","ELP",2.17710580573986,2.66680024807551,1466345,"Small"
"AA","EWR",1.40421175852078,1.42550624448229,15327436,"Large"
"AA","FAT",2.43101251200772,2.75079751291308,650815,"Small"
"AA","FLL",1.39003114778166,1.52662120196979,12419785,"Large"
"AA","GEG",2.57908222258622,2.57622114479039,1700983,"Small"
"AA","GSO",3.03006151345736,2.91467114062486,881109,"Small"
"AA","GSP",2.63834570835729,2.64695440811297,1035938,"Small"
"AA","GUC",2.37491234123122,2.6089381827439,32392,"Nonhub"
"AA","HDN",2.60759966449262,2.95404630384705,94484,"Nonhub"
"AA","HNL",1.35953211497673,1.85151770954758,7424983,"Medium"
"AA","IAD",2.04497006667034,2.35228614323152,7371602,"Medium"
"AA","IAH",1.06508857652297,1.33398682754186,14625107,"Large"
"AA","ICT",2.90080678305939,2.8694664406562,809842,"Small"
"AA","ILM",2.32221441980165,2.57196978283169,418892,"Small"
"AA","IND",1.82520980508569,1.82709298986783,4367415,"Medium"
"AA","JAC",2.1958643738798,2.39615764139082,339024,"Nonhub"
"AA","JAX",1.81385413142077,2.01694393436741,2703132,"Medium"
"AA","JFK",0.903604966471153,1.15353110827422,13676143,"Large"
"AA","KOA",1.95842041593727,2.24786251844536,1681142,"Small"
"AA","LAS",1.04291231832569,1.12195378136593,21754529,"Large"
"AA","LAX",0.759223131925018,1.1378845208732,29409829,"Large"
"AA","LBB",2.9133005766785,2.88619319478481,464052,"Small"
"AA","LGA",0.72823060656505,0.976072928587848,13589163,"Large"
"AA","LIH",1.78726722222139,2.15368197290767,1502050,"Small"
"AA","MCI",1.61930105218677,1.86074511426868,5775386,"Medium"
"AA","MCO",1.05370045806981,1.18778583187202,19022844,"Large"
"AA","MDT",2.52295305980848,2.88009478985406,576917,"Small"
"AA","MEM",1.83184212899121,2.2703899821527,2122447,"Medium"
"AA","MFE",2.34117910909392,2.74451237204882,322756,"Nonhub"
"AA","MHT",3.08381632458705,3.1564141074325,971670,"Small"
"AA","MIA",0.994045502416466,1.26256521980493,10371722,"Large"
"AA","MKE",2.13775156076695,2.53681661070997,3417379,"Medium"
"AA","MSP",1.07742830695529,1.37153777309846,17046950,"Large"
"AA","MSY",1.31841610017287,1.74332125264456,6031426,"Medium"
"AA","MTJ",2.9315243638532,2.73139110972247,122094,"Nonhub"
"AA","MYR",2.74571319196311,2.94686884972408,1144900,"Small"
"AA","OAK",2.67444998192418,2.66137934243093,6199519,"Medium"
"AA","OGG",1.58769919669274,1.89816288694204,3264579,"Medium"
"AA","OKC",2.10395138916948,2.32183013759266,1956400,"Medium"
"AA","OMA",2.22024167677964,2.735962110124,2295573,"Medium"
"AA","ONT",2.0453277564646,2.50028861116565,2232571,"Medium"
"AA","ORD",0.892000165878301,1.20187205410824,32397952,"Large"
"AA","ORF",2.07233368344373,2.46451287451082,1715525,"Small"
"AA","PBI",1.55278432531611,1.83572698633856,3038458,"Medium"
"AA","PDX",1.67680559099786,1.49682677560054,9091341,"Large"
"AA","PHL",1.11463556450516,1.52915478157418,12609106,"Large"
"AA","PHX",1.01174801166596,1.19600819152281,20580907,"Large"
"AA","PIT",1.61529637206845,1.74199376449699,4245874,"Medium"
"AA","PNS",2.42112231766553,2.75924306896765,850198,"Small"
"AA","PSP",2.36374428018964,2.7723268551058,869822,"Small"
"AA","PVD",1.67662817563551,2.38571246311802,1883749,"Medium"
"AA","PWM",2.18970463854362,2.74683042833169,924703,"Small"
"AA","RDU",1.39971935492476,1.55314560532048,5556987,"Medium"
"AA","RIC",2.00314910270513,2.00661294225221,1819633,"Small"
"AA","RNO",2.09776194271538,2.39833870774992,1944629,"Medium"
"AA","ROC",2.65619071543518,2.4922069665066,1200895,"Small"
"AA","RSW",1.56036481452658,1.69671365281446,4170956,"Medium"
"AA","SAN",1.17487088598551,1.78193727142752,10783376,"Large"
"AA","SAT",1.42897394821743,1.78426503949275,4315831,"Medium"
"AA","SAV",2.64656003002582,2.45982027992896,1196245,"Small"
"AA","SBA",2.58393770675045,2.73290754264983,350631,"Nonhub"
"AA","SDF",2.84256481240976,3.12329712908335,1714412,"Small"
"AA","SEA",1.15245395284679,1.41261863144102,20273105,"Large"
"AA","SFO",0.862993810961796,1.27124300446913,20565622,"Large"
"AA","SJC",1.74478438437675,2.31644403357583,5841651,"Medium"
"AA","SJU",1.19027011404728,1.4086497129421,3484584,"Medium"
"AA","SLC",1.79871510182575,2.03007593572228,11192766,"Large"
"AA","SMF",1.53884233791903,1.95118107827704,5343834,"Medium"
"AA","SNA",1.32973603460198,1.93374919259527,5029430,"Medium"
"AA","STL",1.14633530894121,1.93651373282737,7341336,"Medium"
"AA","STT",1.69014112021135,1.84138363067798,595722,"Small"
"AA","STX",2.43350808661254,2.40779595972581,187990,"Nonhub"
"AA","SYR",2.64289628928327,2.84824383445523,1009548,"Small"
"AA","TPA",1.25423713910268,1.50099077910986,9198974,"Large"
"AA","TUL",1.8835016623064,1.83941763339742,1407521,"Small"
"AA","TUS",1.47288044004487,1.70457965389975,1677366,"Small"
"AA","VPS",2.7399923302217,2.827043746604,568036,"Small"
"AA","XNA",1.9179986751743,2.34664314912579,698464,"Small"
"DL","ABE",2.61414911541325,2.81836448150871,329809,"Nonhub"
"DL","ABQ",1.83628416174026,2.64221323096873,2479239,"Medium"
"DL","AGS",2.15600719161266,2.31370586664176,282248,"Nonhub"
"DL","ALB",2.1023107033949,2.60803234513456,1397839,"Small"
"DL","ANC",1.84602364231293,2.42005181005838,2501286,"Medium"
"DL","ATL",0.766040462834864,0.934517087052334,44817870,"Large"
"DL","ATW",2.37990215023882,2.80265404703006,280282,"Nonhub"
"DL","AUS",1.40882984595816,1.647673573957,6779552,"Medium"
"DL","AVL",2.43200409505847,2.42258443889859,476881,"Small"
"DL","AVP",2.51604927299393,2.92021387949411,257524,"Nonhub"
"DL","BDL",1.41609068964303,1.7525450920288,3097000,"Medium"
"DL","BGR",2.91468021457053,3.13328827693601,266679,"Nonhub"
"DL","BHM",1.31977030073597,1.67844658333828,1382980,"Small"
"DL","BIL",2.29181768400197,2.7716258811726,420262,"Small"
"DL","BIS",2.60135060082649,2.72362284050234,274528,"Nonhub"
"DL","BMI",3.13149298392736,3.1664867526105,161266,"Nonhub"
"DL","BNA",1.17966368301753,1.52629973358674,7035239,"Medium"
"DL","BOI",2.11376405354487,2.57429988826404,1801509,"Small"
"DL","BOS",0.730404086956905,1.35277279192107,15481957,"Large"
"DL","BTR",2.55956245759815,2.4879348104446,379514,"Small"
"DL","BTV",3.03612981760422,2.84555508391067,576047,"Small"
"DL","BUF",2.13174225910707,2.15148904819607,2356494,"Medium"
"DL","BWI",1.25291078970895,1.42636326337395,12684344,"Large"
"DL","BZN",2.09661252964321,2.62387443479778,598702,"Small"
"DL","CAE",1.73761543556142,2.10340178456872,534855,"Small"
"DL","CAK",2.03160136737378,2.47931548234735,614448,"Small"
"DL","CHA",2.41183852374211,2.45931233969781,482116,"Small"
"DL","CHO",2.22144902996248,3.08521765327858,332669,"Nonhub"
"DL","CHS",1.36269904447818,1.54545168058005,1949384,"Medium"
"DL","CID",2.82969126120292,3.17151233938709,575392,"Small"
"DL","CLE",1.52164861127464,1.73453672312773,4401569,"Medium"
"DL","CLT",1.18348598642072,1.66393586727969,20785356,"Large"
"DL","CMH",1.33843987721012,1.91336990927681,3704541,"Medium"
"DL","COS",2.41138924935192,2.86295888404369,852204,"Small"
"DL","CRW",2.84136267841105,2.57042382046812,203065,"Nonhub"
"DL","CVG",1.16979501418643,1.76989808728067,3680221,"Medium"
"DL","DAB",2.39263772027081,2.48458731009493,344758,"Nonhub"
"DL","DAL",2.29308571555882,2.26999003172002,7948408,"Large"
"DL","DAY",2.3534179893929,2.49006965003291,933907,"Small"
"DL","DCA",1.20002536786861,1.4802051253392,11390840,"Large"
"DL","DEN",1.2919958030769,1.39300428304591,28903645,"Large"
"DL","DFW",1.2547482040838,1.58449133441123,27862777,"Large"
"DL","DSM",2.40313256885556,2.64758755138053,1274917,"Small"
"DL","DTW",1.41426574462438,1.86329069203688,15375391,"Large"
"DL","ECP",2.22588320679308,2.17821679815299,464013,"Small"
"DL","EGE",2.87726021326935,2.98959675403815,155172,"Nonhub"
"DL","ELP",2.2909649010696,2.65642254924858,1466345,"Small"
"DL","EVV",2.58647317439012,3.13997944715087,212335,"Nonhub"
"DL","EWR",0.967004453150634,1.51768642420331,15327436,"Large"
"DL","EYW",2.45826680563116,2.41895983324572,377068,"Small"
"DL","FAI",2.33936528905762,2.6276960571978,570398,"Small"
"DL","FAR",2.56691964935694,2.76268199246059,404546,"Small"
"DL","FAY",2.41837973347748,2.81252304781406,238969,"Nonhub"
"DL","FCA",2.73008468800084,2.54538484886229,270091,"Nonhub"
"DL","FLL",0.954932776301074,0.979641601837061,12419785,"Large"
"DL","FNT",2.34559182013468,2.74428539478868,389484,"Small"
"DL","FSD",2.16211239506252,2.52380748038493,545134,"Small"
"DL","GEG",2.15280566381197,2.29093790983755,1700983,"Small"
"DL","GNV",2.72136091213845,2.36451532020248,215774,"Nonhub"
"DL","GPT",2.52568833756437,2.44555485188046,320129,"Nonhub"
"DL","GRB",1.98432262457538,2.81044156744592,282847,"Nonhub"
"DL","GRR",1.83618043648417,1.75804919411905,1405896,"Small"
"DL","GSO",1.77353238530861,1.99689026144251,881109,"Small"
"DL","GSP",1.62442389497317,2.15005882401681,1035938,"Small"
"DL","GTF",2.82977965121237,3.13487517486062,171596,"Nonhub"
"DL","HDN",2.63535631703139,2.8625500441656,94484,"Nonhub"
"DL","HNL",1.33381824036037,1.97332762894606,7424983,"Medium"
"DL","HOU",1.80707799665216,2.0906345608077,6337812,"Medium"
"DL","HPN",2.80922720864559,2.69980748535868,757957,"Small"
"DL","HSV",1.78703434034278,2.10757292433079,525772,"Small"
"DL","IAD",1.65928998578963,1.89863270001335,7371602,"Medium"
"DL","IAH",1.49656769775128,2.10930934520758,14625107,"Large"
"DL","ICT",2.370352936838,2.68901087319812,809842,"Small"
"DL","ILM",2.80050170815815,3.10156728984288,418892,"Small"
"DL","IND",1.11746299458696,1.6417870408393,4367415,"Medium"
"DL","JAC",2.51681139740201,2.69256196032033,339024,"Nonhub"
"DL","JAN",1.46022936516257,2.12250432394791,461213,"Small"
"DL","JAX",0.982742181886052,1.0498454556431,2703132,"Medium"
"DL","JFK",0.808738137647133,1.55378269552797,13676143,"Large"
"DL","JNU",2.95032225592953,3.15819945920575,431174,"Small"
"DL","KOA",2.08441676587406,2.44208456343065,1681142,"Small"
"DL","LAS",1.01462468124283,1.21576375677963,21754529,"Large"
"DL","LAX",0.659515115353774,0.64915641136411,29409829,"Large"
"DL","LEX",2.13489215847222,2.4489188205017,636052,"Small"
"DL","LFT",2.54158632375372,3.15990359093158,201623,"Nonhub"
"DL","LGA",0.770269625936231,0.809719622117057,13589163,"Large"
"DL","LIH",2.31785825282804,2.55496351466506,1502050,"Small"
"DL","LIT",1.73458591803556,1.92924096784497,987690,"Small"
"DL","MCI",1.51049954188566,1.84662609549597,5775386,"Medium"
"DL","MCO",0.79535122310827,1.1413422954572,19022844,"Large"
"DL","MDT",2.33128242871894,2.4999558883049,576917,"Small"
"DL","MDW",1.7083750287071,2.18127347907358,10820348,"Large"
"DL","MEM",1.30359139782485,1.70389533825798,2122447,"Medium"
"DL","MHT",2.7202080549414,3.11466855600619,971670,"Small"
"DL","MIA",1.00655059905522,1.34111362562971,10371722,"Large"
"DL","MKE",1.48267276461677,1.68563547706141,3417379,"Medium"
"DL","MLB",2.17631174216309,2.62024855115852,219086,"Nonhub"
"DL","MOB",2.60913269152244,3.00438803656667,291486,"Nonhub"
"DL","MSN",1.86454698287631,2.30720457380192,944899,"Small"
"DL","MSO",2.47009956609719,2.54485050567589,384941,"Small"
"DL","MSP",1.2669352903566,1.58427591179566,17046950,"Large"
"DL","MSY",1.10274408239916,1.37018806084585,6031426,"Medium"
"DL","MTJ",2.76586343545004,2.91651027338747,122094,"Nonhub"
"DL","MYR",2.49439788025591,2.3596011510015,1144900,"Small"
"DL","OAJ",3.05028250858242,2.808236697525,158848,"Nonhub"
"DL","OAK",2.12501484685317,2.58581785768556,6199519,"Medium"
"DL","OGG",1.56204264858864,2.30343961412354,3264579,"Medium"
"DL","OKC",1.8717676321224,2.31130362981034,1956400,"Medium"
"DL","OMA",1.82797166174849,2.06957236162771,2295573,"Medium"
"DL","ONT",2.95306079843025,3.16791880640624,2232571,"Medium"
"DL","ORD",0.974402341681373,1.10996041712436,32397952,"Large"
"DL","ORF",1.68847669990288,1.98362410000057,1715525,"Small"
"DL","PBI",1.08525744543707,1.11604743395049,3038458,"Medium"
"DL","PDX",1.45082553500301,1.61141472401243,9091341,"Large"
"DL","PHF",2.98649585441503,3.06723301676325,198516,"Nonhub"
"DL","PHL",1.08080301778768,1.64024972091826,12609106,"Large"
"DL","PHX",1.05278231872797,1.17710566555111,20580907,"Large"
"DL","PIT",1.50981538749323,1.87156505045426,4245874,"Medium"
"DL","PNS",1.77420968814759,2.23470638135479,850198,"Small"
"DL","PSC",2.80442665352496,2.96177297252653,371762,"Nonhub"
"DL","PSP",2.42533624177418,2.6517607247951,869822,"Small"
"DL","PVD",2.30164586171229,2.53107148179783,1883749,"Medium"
"DL","PWM",2.61465676873582,2.48286566219873,924703,"Small"
"DL","RAP",2.564414021144,2.82359639508236,292303,"Nonhub"
"DL","RDU",1.25073971208042,1.54347165742354,5556987,"Medium"
"DL","RIC",1.65549922699991,1.86571222913357,1819633,"Small"
"DL","RNO",2.58654764304456,2.71428807898391,1944629,"Medium"
"DL","ROA",2.64904176961567,2.84792099688309,308617,"Nonhub"
"DL","ROC",2.40203969323306,2.31581023645415,1200895,"Small"
"DL","RSW",1.1472270352462,1.34335593098521,4170956,"Medium"
"DL","SAN",1.26170548086099,1.71163622307003,10783376,"Large"
"DL","SAT",1.39818600627127,1.97275564897124,4315831,"Medium"
"DL","SAV",1.41863596455679,1.43577574498377,1196245,"Small"
"DL","SBN",2.22595674773567,2.65563983474753,305829,"Nonhub"
"DL","SDF",1.64342307570454,1.70147116969388,1714412,"Small"
"DL","SEA",1.1026109994131,1.196224822322,20273105,"Large"
"DL","SFO",0.914262325466474,1.27782557234193,20565622,"Large"
"DL","SGF",2.20833476684953,2.7788706936311,483054,"Small"
"DL","SHV",2.87074246086984,3.02684625762664,269780,"Nonhub"
"DL","SJC",1.88535043440592,2.29340182749649,5841651,"Medium"
"DL","SJU",1.92097667970335,2.16932815766316,3484584,"Medium"
"DL","SLC",1.73952154398729,1.90220405190633,11192766,"Large"
"DL","SMF",1.84284728329889,2.21093947300122,5343834,"Medium"
"DL","SNA",1.86517580251528,2.43179640710022,5029430,"Medium"
"DL","SRQ",1.63103257184587,2.01022544837076,555668,"Small"
"DL","STL",1.20375767245838,1.62679077881966,7341336,"Medium"
"DL","STT",2.23955696374497,2.02690757360803,595722,"Small"
"DL","STX",2.2159912688676,2.15283436654505,187990,"Nonhub"
"DL","SYR",2.48980824077787,2.41776700966861,1009548,"Small"
"DL","TLH",2.00891570514197,2.12753930492012,354192,"Nonhub"
"DL","TPA",1.07015676043173,1.12587985350059,9198974,"Large"
"DL","TRI",2.71405422453889,2.96740579844006,194582,"Nonhub"
"DL","TUL",2.38654654366158,2.55721474916448,1407521,"Small"
"DL","TUS",2.00021789923696,2.21938791251902,1677366,"Small"
"DL","TVC",2.71929556681343,2.66580268888227,230148,"Nonhub"
"DL","TYS",2.24398875979203,2.53388988645144,966012,"Small"
"DL","VPS",1.89880923912933,2.16334220722959,568036,"Small"
"DL","XNA",2.42210160460983,2.99568892683367,698464,"Small"
"UA","ABQ",2.43097371039566,2.60028291818836,2479239,"Medium"
"UA","AGS",3.17800753435459,3.17697911070903,282248,"Nonhub"
"UA","ALB",2.15344656536317,2.61315590159018,1397839,"Small"
"UA","ANC",2.16440842581595,2.45343674003082,2501286,"Medium"
"UA","ATL",1.00325863873074,1.19967055425966,44817870,"Large"
"UA","AUS",1.12855013065231,1.37086114280476,6779552,"Medium"
"UA","AVL",2.33366931921163,2.01814307231632,476881,"Small"
"UA","BDL",1.87771691456438,2.27385141728732,3097000,"Medium"
"UA","BIL",2.50524303402757,2.6709311536404,420262,"Small"
"UA","BNA",1.62750793024842,2.04831886092392,7035239,"Medium"
"UA","BOI",2.67753345455292,2.77866289702539,1801509,"Small"
"UA","BOS",0.788107163592556,1.05806942057741,15481957,"Large"
"UA","BQN",2.36698952942545,2.4868501133822,234855,"Nonhub"
"UA","BTR",2.8673140491926,2.89308233890856,379514,"Small"
"UA","BTV",2.6698018336966,2.75523738779583,576047,"Small"
"UA","BUF",2.35122170271777,2.8459262761266,2356494,"Medium"
"UA","BUR",2.15163488066978,2.6460078953103,2475490,"Medium"
"UA","BWI",1.54633257825238,2.07038657429862,12684344,"Large"
"UA","BZN",2.29532677806104,2.27110211648572,598702,"Small"
"UA","CHS",1.90774696968662,2.45996590476366,1949384,"Medium"
"UA","CID",2.39529644864345,2.73260754698557,575392,"Small"
"UA","CLE",1.37017565678796,1.71509642785191,4401569,"Medium"
"UA","CLT",2.15232923453614,2.31660299498134,20785356,"Large"
"UA","CMH",2.24812772986914,2.48899658303491,3704541,"Medium"
"UA","CVG",2.28128491350739,2.10271160963596,3680221,"Medium"
"UA","DCA",1.29196748759013,1.75433897482892,11390840,"Large"
"UA","DEN",1.40739899951652,1.69729600069298,28903645,"Large"
"UA","DFW",1.1446845603342,1.56108432409534,27862777,"Large"
"UA","DSM",2.08592201967122,2.23381691004509,1274917,"Small"
"UA","DTW",1.76261215916571,2.03447207923631,15375391,"Large"
"UA","EGE",2.23125873726419,2.28954468249047,155172,"Nonhub"
"UA","EUG",2.15591114873953,2.46190898200948,522213,"Small"
"UA","EWR",0.465944683169255,0.675801527235875,15327436,"Large"
"UA","FAI",3.02416072415415,3.08091757309353,570398,"Small"
"UA","FAT",2.88991134382103,3.06447169967048,650815,"Small"
"UA","FCA",2.40352356130476,2.65336288844752,270091,"Nonhub"
"UA","FLL",1.19663984726465,1.48746697828855,12419785,"Large"
"UA","FSD",2.52078369289745,2.66486091390354,545134,"Small"
"UA","GEG",2.33602750291729,2.6453546170315,1700983,"Small"
"UA","GRR",1.74502978196232,2.62194782322392,1405896,"Small"
"UA","GUC",2.89698642798865,2.92781098724357,32392,"Nonhub"
"UA","GUM",2.59006054791406,2.5852889757206,165040,"Nonhub"
"UA","HDN",2.48748878800522,2.63747441596237,94484,"Nonhub"
"UA","HNL",1.18334662054082,1.4651477452203,7424983,"Medium"
"UA","IAD",1.54413240172646,2.20473117150662,7371602,"Medium"
"UA","IAH",1.05826863831036,1.20900899405147,14625107,"Large"
"UA","ICT",2.55803275578629,2.50881103238515,809842,"Small"
"UA","IND",1.75603842609281,2.2077588309721,4367415,"Medium"
"UA","ITO",2.23942056898875,2.41601871918851,659529,"Small"
"UA","JAC",2.06956046834261,2.4118391862346,339024,"Nonhub"
"UA","JAX",2.15666511904236,2.33877592479644,2703132,"Medium"
"UA","KOA",1.8161464191781,1.994793374449,1681142,"Small"
"UA","LAS",0.78842836642044,1.1876974969898,21754529,"Large"
"UA","LAX",0.605065083992524,0.824143368743962,29409829,"Large"
"UA","LGA",0.89140457895306,1.23895405172642,13589163,"Large"
"UA","LIH",2.01577655840271,2.13600604315292,1502050,"Small"
"UA","MCI",2.10163161685607,2.39333291803804,5775386,"Medium"
"UA","MCO",0.923662469694484,1.12066693284538,19022844,"Large"
"UA","MDT",2.57998020977591,2.86848086465236,576917,"Small"
"UA","MEM",2.07906253090793,2.43434370127979,2122447,"Medium"
"UA","MFE",2.61438141227596,2.63037475685763,322756,"Nonhub"
"UA","MFR",2.37038853093138,2.66361234459583,436679,"Small"
"UA","MIA",1.19027564600949,1.49931212757787,10371722,"Large"
"UA","MKE",2.08002042776635,2.44604366769099,3417379,"Medium"
"UA","MSN",2.18995954908324,2.07559266084974,944899,"Small"
"UA","MSO",3.07243486071754,3.17681564269344,384941,"Small"
"UA","MSP",1.37398556734241,1.54690499301266,17046950,"Large"
"UA","MSY",1.11361353992336,1.34859032439174,6031426,"Medium"
"UA","MTJ",2.66111336164086,2.56528403770878,122094,"Nonhub"
"UA","MYR",2.68333491867148,2.86390864764734,1144900,"Small"
"UA","OGG",1.47786128015874,1.71657547555088,3264579,"Medium"
"UA","OKC",2.68017594957091,2.76951828951444,1956400,"Medium"
"UA","OMA",1.90881150335561,2.19016476130563,2295573,"Medium"
"UA","ONT",2.56763985598927,2.74998859583538,2232571,"Medium"
"UA","ORD",0.942457571032754,1.16234932465388,32397952,"Large"
"UA","ORF",2.08326099152209,2.51549581748583,1715525,"Small"
"UA","PBI",1.02933514961522,1.4565400677464,3038458,"Medium"
"UA","PDX",1.12620137896466,1.57002578265233,9091341,"Large"
"UA","PHL",1.34547761609628,1.60930107820632,12609106,"Large"
"UA","PHX",0.899406953382402,1.15629988806262,20580907,"Large"
"UA","PIT",1.83043843522343,2.45136230741202,4245874,"Medium"
"UA","PSP",2.13227357697539,2.55566456748357,869822,"Small"
"UA","PWM",2.59364361975277,2.97530382582778,924703,"Small"
"UA","RDU",1.75579825675695,1.82402932467761,5556987,"Medium"
"UA","RIC",2.46577095231852,2.60278940251958,1819633,"Small"
"UA","RNO",2.18154620953499,2.31883308311151,1944629,"Medium"
"UA","ROC",2.43285756694388,2.7369030314838,1200895,"Small"
"UA","RSW",1.39564291758115,1.81369939424864,4170956,"Medium"
"UA","SAN",1.01012543608473,1.6583785002004,10783376,"Large"
"UA","SAT",1.42276750438344,1.71703234275814,4315831,"Medium"
"UA","SAV",2.05216239393983,2.83791402370051,1196245,"Small"
"UA","SBA",2.38519344365792,2.74704488135721,350631,"Nonhub"
"UA","SDF",2.49790528188854,2.40496277045935,1714412,"Small"
"UA","SEA",0.901953338625047,1.09107189256644,20273105,"Large"
"UA","SFO",0.686635763668784,0.954590297962253,20565622,"Large"
"UA","SJC",1.94622399200182,2.34151946203261,5841651,"Medium"
"UA","SJU",1.69493295506822,1.72321407276461,3484584,"Medium"
"UA","SLC",1.96676404766331,1.97910151319476,11192766,"Large"
"UA","SMF",1.80002532347102,2.09255791623104,5343834,"Medium"
"UA","SNA",1.30780007930758,1.90217915546627,5029430,"Medium"
"UA","SRQ",2.41958173626926,2.23412008538824,555668,"Small"
"UA","STL",2.08269058174433,2.21576266247361,7341336,"Medium"
"UA","STT",1.89449844190081,2.10792054081202,595722,"Small"
"UA","SYR",2.74424073969386,3.00008319645408,1009548,"Small"
"UA","TPA",1.08664424062003,1.31044553159892,9198974,"Large"
"UA","TUL",2.6960516191303,2.7097722395303,1407521,"Small"
"UA","TUS",2.44027565050706,2.57613137935859,1677366,"Small"
"UA","TYS",2.63040023381152,2.50342820375493,966012,"Small"
"WN","ABQ",0.795627575499712,0.916483931377092,2479239,"Medium"
"WN","ALB",1.26395621810041,1.42999614623252,1397839,"Small"
"WN","AMA",1.73496224082787,1.67443043333838,340989,"Nonhub"
"WN","ATL",0.950112242006345,0.952433677460138,44817870,"Large"
"WN","AUS",0.649160601670753,0.813976728446148,6779552,"Medium"
"WN","BDL",0.954066187373618,1.11058135375536,3097000,"Medium"
"WN","BHM",1.10629275209118,1.26775163243243,1382980,"Small"
"WN","BNA",0.817851744589592,0.891057180789626,7035239,"Medium"
"WN","BOI",1.08514630357707,1.33439459139783,1801509,"Small"
"WN","BOS",0.672975522925087,0.818551987003404,15481957,"Large"
"WN","BUF",1.07199698291324,1.30207496279107,2356494,"Medium"
"WN","BUR",0.795794437493329,0.852868805062099,2475490,"Medium"
"WN","BWI",0.736799205173546,0.886374097684487,12684344,"Large"
"WN","CAK",2.37797308484085,2.41630894987505,614448,"Small"
"WN","CHS",1.04532082406488,1.29093228645824,1949384,"Medium"
"WN","CLE",1.12864474096527,1.28082497117539,4401569,"Medium"
"WN","CLT",1.50144799479232,1.54874133488689,20785356,"Large"
"WN","CMH",0.872784269706943,0.976550825283566,3704541,"Medium"
"WN","CRP",1.7655165452285,2.21059306855496,320783,"Nonhub"
"WN","CVG",1.60911343459295,1.62769846020283,3680221,"Medium"
"WN","DAL",0.643323525615762,0.706231291024666,7948408,"Large"
"WN","DAY",2.29711901238748,2.25666589893245,933907,"Small"
"WN","DCA",0.945519082887238,1.16662973386416,11390840,"Large"
"WN","DEN",0.822480467469538,0.868166439530667,28903645,"Large"
"WN","DSM",2.30099109212777,2.45398530171655,1274917,"Small"
"WN","DTW",1.16395321934557,1.33795682716869,15375391,"Large"
"WN","ECP",1.49309462344159,1.54414451935086,464013,"Small"
"WN","ELP",0.784394320917157,1.0078976636153,1466345,"Small"
"WN","EWR",0.989528855938297,1.05008067464809,15327436,"Large"
"WN","FLL",0.754126610823978,0.820398773520884,12419785,"Large"
"WN","FNT",1.95134099525854,2.13274973357974,389484,"Small"
"WN","GEG",1.26544008685296,1.42241376692986,1700983,"Small"
"WN","GRR",1.41544892523838,1.65825826965223,1405896,"Small"
"WN","GSP",2.10870325078366,2.38013347598117,1035938,"Small"
"WN","HOU",0.95857689503302,1.11808923299321,6337812,"Medium"
"WN","HRL",1.79153918547004,2.04102652839284,269109,"Nonhub"
"WN","IAD",1.33810648943958,1.59334196615312,7371602,"Medium"
"WN","ICT",2.0089947224602,2.22854240716764,809842,"Small"
"WN","IND",0.70936806510737,0.987091984615491,4367415,"Medium"
"WN","ISP",0.949956067501705,1.38505856257608,654654,"Small"
"WN","JAX",1.0875161411908,1.17741154866949,2703132,"Medium"
"WN","LAS",0.577429926609661,0.578305608081413,21754529,"Large"
"WN","LAX",0.551379560991214,0.556054418450721,29409829,"Large"
"WN","LBB",1.1205361970909,1.32151539024814,464052,"Small"
"WN","LGA",0.993042510973812,1.09765128912803,13589163,"Large"
"WN","LGB",1.54358095029814,1.52160371613771,1838080,"Small"
"WN","LIT",1.61599067303431,1.84074649773116,987690,"Small"
"WN","MAF",1.26655920145921,1.42386693995772,522223,"Small"
"WN","MCI",0.59363013737103,0.705284252452261,5775386,"Medium"
"WN","MCO",0.655315335948423,0.698248294158008,19022844,"Large"
"WN","MDW",0.730346733597884,0.811635229953012,10820348,"Large"
"WN","MEM",1.20352159689788,1.43602533526441,2122447,"Medium"
"WN","MHT",1.07722742567117,1.49319885769368,971670,"Small"
"WN","MKE",0.758051783994652,1.10962993692659,3417379,"Medium"
"WN","MSP",0.991784391155393,1.1842041091094,17046950,"Large"
"WN","MSY",0.616249358312792,0.698138593275771,6031426,"Medium"
"WN","OAK",0.647488179133469,0.727278655841998,6199519,"Medium"
"WN","OKC",1.0658970075508,1.25044353845999,1956400,"Medium"
"WN","OMA",0.944354773120601,1.06973934500367,2295573,"Medium"
"WN","ONT",0.769520073741203,0.862384923264186,2232571,"Medium"
"WN","ORF",1.62817130657456,1.70366845517432,1715525,"Small"
"WN","PBI",1.453317125643,1.42729451677395,3038458,"Medium"
"WN","PDX",0.784453622905969,0.914008323716104,9091341,"Large"
"WN","PHL",0.876840469631473,1.07602884360468,12609106,"Large"
"WN","PHX",0.710933642675609,0.726715161584404,20580907,"Large"
"WN","PIT",0.899604582930253,1.02093372677174,4245874,"Medium"
"WN","PNS",1.8107187139814,2.211989223693,850198,"Small"
"WN","PVD",1.06230477478521,1.34724002157243,1883749,"Medium"
"WN","PWM",1.92434754957975,2.06788059793299,924703,"Small"
"WN","RDU",0.804745782140894,0.999985304338071,5556987,"Medium"
"WN","RIC",1.92608129810891,2.16632462395625,1819633,"Small"
"WN","RNO",0.810885090883018,0.97999920151688,1944629,"Medium"
"WN","ROC",1.73671299842676,1.75699624935392,1200895,"Small"
"WN","RSW",0.842512110142036,0.981193142398342,4170956,"Medium"
"WN","SAN",0.610881197922892,0.716638553508083,10783376,"Large"
"WN","SAT",0.667011900542947,0.839844244835444,4315831,"Medium"
"WN","SDF",1.04083489287147,1.45250036938,1714412,"Small"
"WN","SEA",0.742127696722547,0.899632536196919,20273105,"Large"
"WN","SFO",0.625043380450786,0.713132694959481,20565622,"Large"
"WN","SJC",0.710846760339982,0.801805402910502,5841651,"Medium"
"WN","SJU",0.934288474270117,1.22363753369232,3484584,"Medium"
"WN","SLC",0.765175213749263,0.852472824423496,11192766,"Large"
"WN","SMF",0.624595107140654,0.724584291322579,5343834,"Medium"
"WN","SNA",0.977833743101494,0.995647548526246,5029430,"Medium"
"WN","STL",1.08099745386461,1.31463212982393,7341336,"Medium"
"WN","TPA",0.608847796702865,0.671097955515787,9198974,"Large"
"WN","TUL",1.27574535424894,1.48768656154401,1407521,"Small"
"WN","TUS",1.01222693843631,1.24959417322194,1677366,"Small"
