airline,airport,Arrival,Departure,yearly_passengers,hub_type
American,ABQ,3.058869399227421,3.381673741479823,2478864,Medium
American,ALB,3.080778194927219,3.2092453716882705,1403020,Small
American,AMA,2.9451352517184337,3.7248838511317865,342879,Nonhub
American,ATL,2.568195443959735,2.9245280656129236,44302796,Large
American,AUS,2.5139578333374986,2.9700752452828354,6804711,Medium
American,BDL,2.7725565397428453,2.838713981958818,3030170,Medium
American,BNA,2.858337169385934,3.3293893171550017,7032020,Medium
American,BOI,3.081118348042487,3.2736487391714366,1815646,Medium
American,BOS,1.8719363638439048,2.353722114075658,15237896,Large
American,BUF,3.1312174610024175,3.129851260273678,2358366,Medium
American,BWI,2.718446781616501,3.0454612097391416,12602673,Large
American,BZN,3.3426319646763583,3.161505176486269,599532,Small
American,CHS,2.882428721070018,3.10363057375034,1964028,Medium
American,CLE,3.0325875908022315,3.1192742730563703,4387828,Medium
American,CLT,2.052410957744203,2.4029693700665,20561398,Large
American,CMH,2.724519555673063,3.1889946740975907,3698549,Medium
American,COS,3.0848996244598967,3.041627069080685,855384,Small
American,CRP,3.3654573556014986,3.8050433979212177,325375,Nonhub
American,CVG,3.067107718635948,3.4460276049620937,3682528,Medium
American,DAB,3.6638172890309075,3.390168294594869,347701,Nonhub
American,DAY,3.0463557493190203,3.3073724613513473,937013,Small
American,DCA,1.9155869746056753,2.639207398331448,11322002,Large
American,DEN,2.466733858511582,3.093038039377374,28665829,Large
American,DFW,1.898514594337828,2.2335833261362152,27504431,Large
American,DSM,2.9636518838987773,3.296658282915601,1274284,Small
American,DTW,2.5280177170972884,3.0139856782396897,15360788,Large
American,EGE,2.433996482787803,2.911139079134558,153929,Nonhub
American,ELP,2.8694384970057887,3.238199819199185,1471203,Small
American,EWR,2.711208203898685,2.651201906315746,14979573,Large
American,FAT,2.8602829123845748,3.3596664730894528,653291,Small
American,FLL,2.559247692098079,2.9624487461458338,11909355,Large
American,GEG,3.098184357449882,3.198455482347763,1704995,Small
American,GSO,3.2856820808635634,3.483670054902633,887590,Small
American,GSP,2.9258875500563986,3.3036864546810216,1057036,Small
American,GUC,2.7575622499108046,3.0262266566124927,32242,Nonhub
American,HDN,3.3097738030612494,3.469057619246303,96451,Nonhub
American,IAD,2.8276506624411835,3.05690472173766,7225049,Large
American,IAH,2.7233707619124083,2.879486529404162,14408530,Large
American,ICT,3.263472990980451,3.440063872885137,808028,Small
American,ILM,3.140114460506174,3.2285844853486547,423692,Small
American,IND,3.0116492585238794,3.1747106303632924,4375012,Medium
American,JAC,2.670516054586976,2.8478230539470766,341593,Nonhub
American,JAX,3.0224032517025923,3.246914634833878,2715992,Medium
American,JFK,1.971935515949311,2.7067699631347977,12837248,Large
American,LAS,2.203965313986933,2.9577822310172057,21465771,Large
American,LAX,1.9534399490155367,3.010415985443193,27223888,Large
American,LBB,3.2140170717996153,3.3821909962059116,467822,Small
American,LGA,1.5511671993099119,2.4636938921442515,13566621,Large
American,MCI,2.8015723442705314,3.2592618854610285,5768376,Medium
American,MCO,2.3792507283743927,2.4951172262528156,18228163,Large
American,MDT,2.9225763324128886,3.096217649397137,580349,Small
American,MEM,2.7454661769535527,3.2203113424352585,2126350,Medium
American,MFE,2.830562970642577,3.440528631160056,329155,Nonhub
American,MHT,3.4254608840578458,3.7008362252992297,971779,Small
American,MIA,2.3206151320625485,2.87066175214033,9787986,Large
American,MKE,2.8215371915885434,3.196909040070559,3421109,Medium
American,MSP,2.5520686449371093,3.052842426361062,16811418,Large
American,MSY,2.538340698528101,2.937549365270243,6042814,Medium
American,MTJ,3.2397305593757633,3.3013561813158385,123531,Nonhub
American,MYR,3.3294098877880978,3.304939935168204,1147156,Small
American,OAK,3.1826271973075486,3.1662296713076343,5826529,Medium
American,OKC,3.0987060607499353,3.286010962886477,1955060,Medium
American,OMA,2.858649890610475,3.3285332208436085,2293262,Medium
American,ONT,2.8375522812027527,3.2675670128699377,2220963,Medium
American,ORD,1.87538574601239,2.1888240117580082,31992302,Large
American,ORF,2.9330531257599883,3.2816368496357105,1709002,Small
American,PBI,2.696638146018864,2.8647539079730553,3053722,Medium
American,PDX,2.7700472825168445,3.1100197025643235,8685344,Large
American,PHL,2.0794975525302086,2.416741036996104,12363030,Large
American,PHX,2.245095507740206,2.5862041090121366,20146404,Large
American,PIT,2.6504975364855756,3.2383963468668617,4246005,Medium
American,PNS,3.118592124404852,3.140001606465769,850292,Small
American,PSP,2.80125444295182,3.2102875859306885,871865,Small
American,PVD,2.816617722219076,3.356980120899781,1887188,Medium
American,PWM,2.7705546677577186,3.18679161175983,925958,Small
American,RDU,2.5291049166766504,2.786779675258135,5582857,Medium
American,RIC,3.202390784274703,3.152182001795743,1838806,Medium
American,RNO,2.975565187480323,3.1899077517335095,1947053,Medium
American,ROC,3.0147515115743024,3.0678420502015307,1200800,Small
American,RSW,2.6794849303160038,2.9898457018267837,4209004,Medium
American,SAN,2.445436899706457,3.177662348823656,10577561,Large
American,SAT,2.6794440581554433,2.988272732169966,4298244,Medium
American,SAV,3.114768819197709,3.302456225918258,1194295,Small
American,SBA,3.0251314977730788,3.3278930636155457,356760,Small
American,SDF,3.4162291921434904,3.388978873142789,1716039,Small
American,SEA,2.1483582735186038,3.081559747103411,17885508,Large
American,SFO,1.7564158396598213,3.223908130284973,19436599,Large
American,SJC,2.7241444054597883,3.2437465602793143,5534751,Medium
American,SLC,2.7712442762348015,3.1984302631132024,11120731,Large
American,SMF,2.767348038895969,3.2854688800808547,5206732,Medium
American,SNA,2.428297361137582,2.9014637313145153,4997816,Medium
American,STL,2.4505352410297845,3.214985857826622,7318250,Large
American,SYR,3.02003521432117,3.4974218343631436,1009733,Small
American,TPA,2.275143787220863,2.6587056901302537,9104125,Large
American,TUL,2.8641734453211716,2.86465509230616,1408059,Small
American,TUS,2.696652066877212,2.786346528651074,1685121,Small
American,VPS,3.1303248555464425,3.3247572320474803,567496,Small
American,XNA,3.1165778261891472,3.3118433538963745,699281,Small
Delta,ABE,2.8041426358233417,3.3242412775863874,332751,Nonhub
Delta,ABQ,2.6982279420098223,3.338240883875409,2478864,Medium
Delta,AGS,2.5865453537457337,3.139843715204909,291129,Nonhub
Delta,ALB,2.6437029770071763,3.1242999544852483,1403020,Small
Delta,ATL,1.4635053242657041,2.1259397847777026,44302796,Large
Delta,ATW,2.73513728717647,3.1350871394987023,281759,Nonhub
Delta,AUS,2.568833682441857,2.685242676043344,6804711,Medium
Delta,AVL,3.0337317435765914,2.929875304985574,479347,Small
Delta,AVP,2.607573450485272,3.2379742742661586,262404,Nonhub
Delta,BDL,2.7128203793831522,2.984013762470727,3030170,Medium
Delta,BGR,3.2741170990479063,3.4786932145710234,280239,Nonhub
Delta,BHM,2.8452414063803526,2.980345392555941,1383936,Small
Delta,BIL,2.9002407766227702,3.0731704733402574,417456,Small
Delta,BIS,3.0006715404040643,3.3568281340221713,275588,Nonhub
Delta,BMI,3.4313141000663094,3.648203818217025,163579,Nonhub
Delta,BNA,2.5171089619825344,2.8965992636480777,7032020,Medium
Delta,BOI,2.7403713653927646,3.1498630069535976,1815646,Medium
Delta,BOS,1.8766227270762759,2.5760377944375277,15237896,Large
Delta,BTR,2.9586062192600857,3.162419674063062,378990,Small
Delta,BTV,3.301640464641312,3.5563615364694323,577316,Small
Delta,BUF,2.903300645613058,3.1947521718366456,2358366,Medium
Delta,BWI,2.6509193447117188,2.7876807967088233,12602673,Large
Delta,BZN,2.7855753226535875,3.0225345785666424,599532,Small
Delta,CAE,2.7035524216737006,3.1024714736528463,521349,Small
Delta,CAK,2.9023031386209035,3.282965712186494,619910,Small
Delta,CHA,2.868232217323489,3.115217554647225,490075,Small
Delta,CHO,2.387783879670516,3.5879847989007376,334215,Nonhub
Delta,CHS,2.6668781079714514,2.4246297982300313,1964028,Medium
Delta,CID,2.896647861448833,3.4373902075389826,575459,Small
Delta,CLE,2.7233799508860925,2.850359630305093,4387828,Medium
Delta,CLT,2.630682879567879,2.916419521228853,20561398,Large
Delta,CMH,2.982530940582822,3.2110423017445493,3698549,Medium
Delta,COS,2.458973343264976,3.3464209381733303,855384,Small
Delta,CRW,3.135688149285738,2.833596498097936,203313,Nonhub
Delta,CVG,2.9495849544592083,2.7712117012987143,3682528,Medium
Delta,DAB,3.121301974361129,3.308872859654408,347701,Nonhub
Delta,DAL,2.906989735309034,3.047585339589768,7925332,Large
Delta,DAY,3.0724464879694406,3.20934254334285,937013,Small
Delta,DCA,2.522422893820585,2.946735386837879,11322002,Large
Delta,DEN,2.3342617374361843,2.5172060943712102,28665829,Large
Delta,DFW,2.565904713653372,2.8273194247375413,27504431,Large
Delta,DSM,2.719890555747009,2.955515980379985,1274284,Small
Delta,DTW,2.5649015475915715,2.987739609979144,15360788,Large
Delta,ECP,2.920363530990112,3.167103500385165,462323,Small
Delta,EGE,3.249894284102998,3.4813793766304886,153929,Nonhub
Delta,ELP,2.714927793193577,3.185509812275956,1471203,Small
Delta,EVV,3.041566182341924,3.5704173827310783,213257,Nonhub
Delta,EWR,2.0472764974804063,3.1096174697915986,14979573,Large
Delta,EYW,2.8859857023749393,3.027185506934527,392874,Small
Delta,FAR,3.196377872316021,3.179272993272552,402430,Small
Delta,FAY,2.8026051040268123,3.540832674949872,238685,Nonhub
Delta,FCA,3.1129389149257523,2.9907684424845247,272394,Nonhub
Delta,FLL,1.9731641224418643,1.9645507561943554,11909355,Large
Delta,FNT,2.7554530816947844,3.313872306946229,394486,Small
Delta,FSD,2.7632581228173914,3.1432120122236062,543922,Small
Delta,GEG,2.628884600338171,3.012686893032812,1704995,Small
Delta,GNV,3.110554241410559,3.405200075078129,218699,Nonhub
Delta,GPT,2.9762967398609965,3.3227218337543163,325245,Nonhub
Delta,GRB,2.50942727844903,3.2157075117741245,285188,Nonhub
Delta,GRR,2.746729432347216,3.0023630927803837,1424115,Small
Delta,GSO,3.012811709071202,3.123016318389227,887590,Small
Delta,GSP,2.6222260165250906,3.14314130234149,1057036,Small
Delta,GTF,3.037932930404445,3.718352496954445,170755,Nonhub
Delta,HDN,2.6938871789965875,3.0622608793919883,96451,Nonhub
Delta,HOU,2.6462830292388277,3.261254492601663,6287599,Medium
Delta,HPN,3.242479106183406,3.4036581919725797,756143,Small
Delta,HSV,3.137583557585122,3.146146123011792,528366,Small
Delta,IAD,2.6398058212587947,2.8248595880085983,7225049,Large
Delta,IAH,2.534009850048517,3.067058047855141,14408530,Large
Delta,ICT,2.962691154012049,3.14919771611706,808028,Small
Delta,ILM,3.0035776451898784,3.4110206946246215,423692,Small
Delta,IND,2.882447555452766,2.9575880322776396,4375012,Medium
Delta,JAC,2.9405099965243524,3.396862762288495,341593,Nonhub
Delta,JAN,2.5844206709422863,3.2498879180652107,462216,Small
Delta,JAX,2.5604658338851,2.279633038837803,2715992,Medium
Delta,JFK,2.1952035957116327,2.8272075454761603,12837248,Large
Delta,LAS,2.0714190223246276,2.918648135843958,21465771,Large
Delta,LAX,1.5632576553160817,2.027062207302226,27223888,Large
Delta,LEX,3.0896350944933917,3.1971949302230147,638076,Small
Delta,LFT,2.6094620970475693,3.7215387597502465,203065,Nonhub
Delta,LGA,1.6334750457149543,2.236561080006068,13566621,Large
Delta,LIT,2.8858093992136022,3.1238631687648715,990340,Small
Delta,MCI,2.939479849853387,3.1021915071428903,5768376,Medium
Delta,MCO,2.1759213142049707,2.492577002452127,18228163,Large
Delta,MDT,2.789453072005415,3.0239398761804033,580349,Small
Delta,MDW,2.673100209953732,3.31396111198398,10761723,Large
Delta,MEM,2.646027953009221,3.0785814731350043,2126350,Medium
Delta,MHT,3.1442948477963895,3.6110759043665,971779,Small
Delta,MIA,2.351236239437643,2.6134485759509594,9787986,Large
Delta,MKE,2.735747761327751,2.9893560719581287,3421109,Medium
Delta,MLB,2.9966962644017925,3.3433815052119322,222759,Nonhub
Delta,MOB,2.9693915127340915,3.508901201017963,289727,Nonhub
Delta,MSN,2.7909941714095794,3.1656712786536434,949682,Small
Delta,MSO,2.8204073344840306,3.16657403121628,387607,Small
Delta,MSP,2.3673728633852966,2.8158247747601237,16811418,Large
Delta,MSY,2.2778448410863645,2.8753295453474843,6042814,Medium
Delta,MTJ,3.2584147952379743,3.1971527304330754,123531,Nonhub
Delta,MYR,3.055304437649212,3.2530533584562638,1147156,Small
Delta,OAJ,3.218763486588194,3.4188431406023287,154811,Nonhub
Delta,OAK,2.8383709341765417,3.136807499189722,5826529,Medium
Delta,OKC,2.907523243471853,3.322066044191949,1955060,Medium
Delta,OMA,2.731730807196815,2.9115672653102322,2293262,Medium
Delta,ONT,3.17170021310004,3.7242297157923026,2220963,Medium
Delta,ORD,2.423178556602497,2.567996789875605,31992302,Large
Delta,ORF,2.957401552225433,3.229200923853268,1709002,Small
Delta,PBI,2.033756379440156,2.37303463613869,3053722,Medium
Delta,PDX,2.6216031040246115,2.740806121229607,8685344,Large
Delta,PHF,3.1971008098897413,3.6486434947582067,198169,Nonhub
Delta,PHL,2.3732695663201935,3.020604839651007,12363030,Large
Delta,PHX,2.0730156239525375,2.830319813364462,20146404,Large
Delta,PIT,3.0039269948857332,2.9180637275910493,4246005,Medium
Delta,PNS,2.9931001745712824,3.316001935529783,850292,Small
Delta,PSC,3.0425654935297652,3.333338908096464,377381,Small
Delta,PSP,2.6719592676586585,3.1009871809088922,871865,Small
Delta,PVD,2.7823924833311016,3.0139459942302693,1887188,Medium
Delta,PWM,3.172020839548609,3.0374991624431837,925958,Small
Delta,RAP,3.0320054914202252,3.498542879781747,287615,Nonhub
Delta,RDU,2.754272737013959,2.856865494362511,5582857,Medium
Delta,RIC,3.006910423279277,3.0470761775977966,1838806,Medium
Delta,RNO,3.070972984680716,3.062049471395504,1947053,Medium
Delta,ROA,2.876935217792403,3.402845308620922,309911,Nonhub
Delta,ROC,2.7988955773971793,2.927986236090448,1200800,Small
Delta,RSW,2.2378134275535286,2.6682400586905533,4209004,Medium
Delta,SAN,2.2631497055878564,3.075457433609685,10577561,Large
Delta,SAT,2.571352123939129,3.011588818532673,4298244,Medium
Delta,SAV,2.838950383343892,2.743301744510629,1194295,Small
Delta,SBN,2.7606729491542286,3.153022513504103,309196,Nonhub
Delta,SDF,3.0139673749510987,3.0825336111515784,1716039,Small
Delta,SEA,2.0974174892665403,2.4327544273130393,17885508,Large
Delta,SFO,1.7539578899144375,2.857013869168423,19436599,Large
Delta,SGF,2.5158474465757528,3.497804298785338,484183,Small
Delta,SHV,3.38609718276779,3.426630815104058,272296,Nonhub
Delta,SJC,2.7667566881571783,2.954608660281774,5534751,Medium
Delta,SLC,2.8357261948902357,3.0653720946364373,11120731,Large
Delta,SMF,2.9317393363089876,2.876072934984611,5206732,Medium
Delta,SNA,2.7458960743619603,3.1063483731057633,4997816,Medium
Delta,SRQ,2.8879122683449077,3.2369993407283735,564395,Small
Delta,STL,2.4226723812754036,2.8041061224418984,7318250,Large
Delta,SYR,2.928613799562286,2.9222691748674734,1009733,Small
Delta,TLH,2.9389914580903764,3.207010807675684,355451,Nonhub
Delta,TPA,2.1286818203255486,2.345759416224342,9104125,Large
Delta,TRI,3.352957778674249,3.4081038583591026,195251,Nonhub
Delta,TUL,2.89093682512891,3.4803958484949282,1408059,Small
Delta,TUS,2.4832129542972456,3.129509827585384,1685121,Small
Delta,TVC,3.098490328668306,3.26545197703189,234748,Nonhub
Delta,TYS,3.1876193731590527,3.398048384171681,974423,Small
Delta,VPS,2.888814833439677,3.369539439810751,567496,Small
Delta,XNA,2.7212809355411642,3.642600040780633,699281,Small
United,ABQ,3.036224754046404,3.127810294841189,2478864,Medium
United,AGS,3.8012830518981113,3.534611509529644,291129,Nonhub
United,ALB,2.875574597375669,3.2010771938989886,1403020,Small
United,ATL,2.1948480181606365,2.6397094299991535,44302796,Large
United,AUS,2.6916899770621607,2.5750010098966207,6804711,Medium
United,AVL,2.3650571327922543,2.1515808850503086,479347,Small
United,BDL,2.733269442763765,2.7616983258983794,3030170,Medium
United,BIL,3.0192590906793355,3.101369605455124,417456,Small
United,BNA,2.472497925999723,3.1796477544692197,7032020,Medium
United,BOI,2.8572932163819873,3.015431340414866,1815646,Medium
United,BOS,2.341622523587183,2.3735424370655633,15237896,Large
United,BTR,3.499337080789819,3.3921321323661107,378990,Small
United,BTV,2.949535626187561,3.412238778590038,577316,Small
United,BUF,2.9828044272486163,3.2988953102446885,2358366,Medium
United,BUR,2.8398871491981756,3.3627972972828206,2464428,Medium
United,BWI,2.6156498397764887,2.8987403791168496,12602673,Large
United,BZN,2.7745581282732155,3.0567963739257213,599532,Small
United,CHS,2.722539435401752,3.1278475705492412,1964028,Medium
United,CID,3.036126837976941,3.156292770885876,575459,Small
United,CLE,2.2857629399315678,2.7217801013454492,4387828,Medium
United,CLT,2.8357236785351407,3.032999238199363,20561398,Large
United,CMH,3.074293698827334,3.2474660148170122,3698549,Medium
United,CVG,2.882187587772004,2.905795892882922,3682528,Medium
United,DCA,2.406401208187749,2.9850310054291156,11322002,Large
United,DEN,2.5269092575354164,2.8455695099446316,28665829,Large
United,DFW,2.378001998305108,2.642373847292155,27504431,Large
United,DSM,3.0099961546215255,3.1007150250207203,1274284,Small
United,DTW,2.6474069044925272,2.8742893708601955,15360788,Large
United,EGE,2.5745247385195054,2.7574136871267343,153929,Nonhub
United,EUG,2.7710816282966406,3.3123382628006786,529592,Small
United,EWR,1.5339533115900172,1.704435400239343,14979573,Large
United,FAT,3.1963701205340294,3.657889008824464,653291,Small
United,FCA,2.9216855215838153,3.30232719050285,272394,Nonhub
United,FLL,2.5866464500005324,2.511813185191517,11909355,Large
United,FSD,3.1174075827114853,3.1430516128400017,543922,Small
United,GEG,2.94486065219233,3.019799297781918,1704995,Small
United,GRR,2.7848146616790332,3.387795349216752,1424115,Small
United,GUC,3.0549337381632,3.243307629847764,32242,Nonhub
United,HDN,2.748057773998455,2.9138950460191237,96451,Nonhub
United,IAD,2.492393394007334,3.0550010341143015,7225049,Large
United,IAH,2.352931994545809,2.547404912647763,14408530,Large
United,ICT,3.102931713247671,2.976949004531905,808028,Small
United,IND,2.6994724023069336,3.1258796361121477,4375012,Medium
United,JAC,2.70628185508381,2.8453052783871637,341593,Nonhub
United,JAX,2.9577413639497268,2.907232066581396,2715992,Medium
United,LAS,1.9928199599957865,3.1229669831226037,21465771,Large
United,LAX,1.6179984318206562,2.429285550857021,27223888,Large
United,LGA,1.8318278686014786,2.6355339270432316,13566621,Large
United,MCI,2.964212452532166,3.1849997472300693,5768376,Medium
United,MCO,1.8761049875606894,2.242383319214993,18228163,Large
United,MDT,3.03752892363603,3.3776241954861757,580349,Small
United,MEM,2.7016187547382615,2.6743304359919056,2126350,Medium
United,MFE,3.214446442564851,3.1446732314631736,329155,Nonhub
United,MFR,2.6452437942204243,2.9636564345600407,440740,Small
United,MIA,2.3755201954761844,2.8906417855572326,9787986,Large
United,MKE,2.854853011067516,3.0444862712092386,3421109,Medium
United,MSN,3.121365877985775,3.0026565192656083,949682,Small
United,MSO,3.2339984726532514,3.514332349791102,387607,Small
United,MSP,2.782970394837649,2.9435538561829127,16811418,Large
United,MSY,2.35658580647502,2.5590373101577772,6042814,Medium
United,MTJ,3.0481329925573193,3.038828880389862,123531,Nonhub
United,MYR,2.9010012627106057,3.0334472041654554,1147156,Small
United,OKC,3.178737056150424,3.0970254121511327,1955060,Medium
United,OMA,3.0356379710256607,3.1258946726088346,2293262,Medium
United,ONT,2.8971972016722627,3.2315817991498657,2220963,Medium
United,ORD,2.2189357153149163,2.517558645505422,31992302,Large
United,ORF,3.0858189168548598,3.065345164151285,1709002,Small
United,PBI,2.300667753028151,2.7113480244915764,3053722,Medium
United,PDX,2.2729575250967367,2.9237230546994857,8685344,Large
United,PHL,2.569252240438378,2.674553050714807,12363030,Large
United,PHX,1.8221346385962667,2.6647621913963317,20146404,Large
United,PIT,2.8601160864298416,3.0355332374237425,4246005,Medium
United,PSP,2.6856936256516013,2.9979247434041527,871865,Small
United,PWM,3.2050673465475126,3.2618368038683556,925958,Small
United,RDU,2.550158461324317,2.7586487297861577,5582857,Medium
United,RIC,2.7745036326912826,3.187767081280993,1838806,Medium
United,RNO,2.7255296373289064,2.9477269464188898,1947053,Medium
United,ROC,2.882637254713092,3.0663385968437344,1200800,Small
United,RSW,2.263030147073508,2.7100871148203667,4209004,Medium
United,SAN,2.1283958808032826,3.007236178305562,10577561,Large
United,SAT,2.5931525110100324,2.8656367415422275,4298244,Medium
United,SAV,2.5527481498959776,3.5228351269406075,1194295,Small
United,SBA,2.962012568023367,2.9878708889679846,356760,Small
United,SDF,3.1392168367884277,3.22717542718131,1716039,Small
United,SEA,2.132749809778541,2.7469103767937164,17885508,Large
United,SFO,1.798040969936207,2.680002665965248,19436599,Large
United,SJC,2.5037201047486835,2.930863142207839,5534751,Medium
United,SLC,2.8164158598138673,3.00987311759394,11120731,Large
United,SMF,2.720425958304509,2.923888873006047,5206732,Medium
United,SNA,2.362549145890867,2.909577370889306,4997816,Medium
United,SRQ,2.822691615397474,2.9374435851096727,564395,Small
United,STL,2.9445813292621903,3.128638183873722,7318250,Large
United,SYR,3.1790404544225956,3.329994987569024,1009733,Small
United,TPA,2.323686100989411,2.425453268453478,9104125,Large
United,TUL,3.1123658360689856,3.1700712787575065,1408059,Small
United,TUS,3.0100578739646515,3.0664195379224135,1685121,Small
United,TYS,2.7799591380012165,2.9064481210294715,974423,Small
Southwest,ABQ,1.8533919231798845,1.9488628231678424,2478864,Medium
Southwest,ALB,2.4051005717860274,2.3216864998814066,1403020,Small
Southwest,AMA,2.5223907286667493,2.339949095002306,342879,Nonhub
Southwest,ATL,2.1555169776641376,2.288234045718758,44302796,Large
Southwest,AUS,1.2125304150896512,1.7365826848858361,6804711,Medium
Southwest,BDL,2.1547785730954976,2.0270898241861457,3030170,Medium
Southwest,BHM,2.4197505306566365,2.5796069016260907,1383936,Small
Southwest,BNA,1.8948675934206114,1.9560123203037638,7032020,Medium
Southwest,BOI,2.457224562098513,2.4425156574554157,1815646,Medium
Southwest,BOS,1.6657810786449594,1.9367520416051216,15237896,Large
Southwest,BUF,2.252574527109574,2.2378931342719937,2358366,Medium
Southwest,BUR,1.5380224653207262,1.973506468813136,2464428,Medium
Southwest,BWI,1.7986549706721504,2.1759076727946463,12602673,Large
Southwest,CAK,3.0925694006063904,3.2545735577207506,619910,Small
Southwest,CHS,1.9799464572732781,2.5782657799636297,1964028,Medium
Southwest,CLE,2.3405424945601374,2.4502645622578587,4387828,Medium
Southwest,CLT,2.777302708771553,2.742900192383093,20561398,Large
Southwest,CMH,1.8801330872429662,2.139682732261191,3698549,Medium
Southwest,CRP,2.759609080970015,2.9477318966298545,325375,Nonhub
Southwest,CVG,3.1083071351678613,3.038472506359844,3682528,Medium
Southwest,DAL,1.260026330585491,1.860454664689145,7925332,Large
Southwest,DAY,3.124488927824547,3.047606735254447,937013,Small
Southwest,DCA,1.9877997147488813,2.756676718315035,11322002,Large
Southwest,DEN,1.9269606069624163,2.0266511655754247,28665829,Large
Southwest,DSM,2.795002726203646,2.955420184978594,1274284,Small
Southwest,DTW,2.43877047726962,2.492042268044015,15360788,Large
Southwest,ECP,2.5939031636224046,2.823887935830654,462323,Small
Southwest,ELP,1.9794040390562964,2.1565815507314294,1471203,Small
Southwest,EWR,2.354881758502296,2.5676035889081747,14979573,Large
Southwest,FLL,1.4534743038807876,1.7142476923453498,11909355,Large
Southwest,FNT,2.7549330978588418,2.8815082688176594,394486,Small
Southwest,GEG,2.638294318037755,2.603058632438668,1704995,Small
Southwest,GRR,2.6028151647014126,2.690483026659803,1424115,Small
Southwest,GSP,2.668459267273437,2.8602202135228203,1057036,Small
Southwest,HOU,2.2393861765906737,2.6292868563007343,6287599,Medium
Southwest,HRL,2.7786342546106884,2.9862876114036787,273402,Nonhub
Southwest,IAD,2.205679486130619,2.788897943771427,7225049,Large
Southwest,ICT,2.786233348128705,2.9638043146892215,808028,Small
Southwest,IND,1.5768587566974228,1.990406652601757,4375012,Medium
Southwest,ISP,2.199616622417466,2.7435830618512886,654450,Small
Southwest,JAX,2.0006724980550707,2.368786313456614,2715992,Medium
Southwest,LAS,0.9978243517090207,0.9215220980634136,21465771,Large
Southwest,LAX,1.110396061972472,1.0404754864496053,27223888,Large
Southwest,LBB,2.2961268163164696,2.6136749252739158,467822,Small
Southwest,LGA,2.2196720826562717,2.5663200586106205,13566621,Large
Southwest,LGB,2.536463317817308,2.883695797125868,1832561,Medium
Southwest,LIT,2.6024658246991814,2.945278742794492,990340,Small
Southwest,MAF,2.631065840013187,2.814032257548798,530097,Small
Southwest,MCI,1.1253881286306873,1.3524367172668037,5768376,Medium
Southwest,MCO,1.3944569104472426,1.3519639214205625,18228163,Large
Southwest,MDW,1.7968791196507445,2.189974746319163,10761723,Large
Southwest,MEM,2.4744533485664033,2.7256179062791586,2126350,Medium
Southwest,MHT,2.420317280529264,2.4649761877303025,971779,Small
Southwest,MKE,1.6590105917276203,2.098510319718607,3421109,Medium
Southwest,MSP,2.1635415300213148,2.436771257259225,16811418,Large
Southwest,MSY,1.154458994379806,1.4606459892102925,6042814,Medium
Southwest,OAK,1.2978111268259496,1.687743421079124,5826529,Medium
Southwest,OKC,2.0755596340402622,2.6725048830565754,1955060,Medium
Southwest,OMA,1.6747632126163166,2.1797349563383563,2293262,Medium
Southwest,ONT,1.8176666132821384,2.1282041482173217,2220963,Medium
Southwest,ORF,2.674361795202756,2.688101361281942,1709002,Small
Southwest,PBI,2.495912582775869,2.583696054926961,3053722,Medium
Southwest,PDX,1.6666177867526126,1.9373688848683692,8685344,Large
Southwest,PHL,1.8406607224974223,2.3319444065008144,12363030,Large
Southwest,PHX,1.412500734618079,1.6020016598440427,20146404,Large
Southwest,PIT,1.7540929091862174,1.9600812600058608,4246005,Medium
Southwest,PNS,2.6842651020525627,2.9746348788725987,850292,Small
Southwest,PVD,2.4855810928727884,2.336002844504687,1887188,Medium
Southwest,PWM,2.6548200402707893,2.784722120792761,925958,Small
Southwest,RDU,1.6052763563725436,2.021466474605322,5582857,Medium
Southwest,RIC,2.576352541898066,2.8355910298600264,1838806,Medium
Southwest,RNO,1.8552807823579465,2.0552393841195,1947053,Medium
Southwest,ROC,2.5594750325519935,2.6370660724178516,1200800,Small
Southwest,RSW,1.7991907618598055,2.206889082066393,4209004,Medium
Southwest,SAN,1.1169162876038818,1.4679764900020298,10577561,Large
Southwest,SAT,1.3568440805140856,1.929899471495764,4298244,Medium
Southwest,SDF,2.441170283146619,2.741627201795646,1716039,Small
Southwest,SEA,1.5414505487416619,1.9965294431798053,17885508,Large
Southwest,SFO,1.297283469665379,2.10396050592932,19436599,Large
Southwest,SJC,1.5408424390962936,2.2781932792578203,5534751,Medium
Southwest,SLC,1.8784288290914128,1.747575790705369,11120731,Large
Southwest,SMF,1.3467718929286034,1.698454891363982,5206732,Medium
Southwest,SNA,1.9124346179393732,1.9590597979334088,4997816,Medium
Southwest,STL,2.3965596208179885,2.784015970858906,7318250,Large
Southwest,TPA,1.3011611993466468,1.375168846198254,9104125,Large
Southwest,TUL,2.4100417147759945,2.6398011545990707,1408059,Small
Southwest,TUS,2.1087504667229053,2.2037008884975164,1685121,Small
