origin,yearly_passengers,hub_type
ATL,44302796,Large
ORD,31992302,Large
DEN,28665829,Large
DFW,27504431,Large
LAX,27223888,Large
LAS,21465771,Large
CLT,20561398,Large
PHX,20146404,Large
SFO,19436599,Large
MCO,18228163,Large
SEA,17885508,Large
MSP,16811418,Large
DTW,15360788,Large
BOS,15237896,Large
EWR,14979573,Large
IAH,14408530,Large
LGA,13566621,Large
JFK,12837248,Large
BWI,12602673,Large
PHL,12363030,Large
FLL,11909355,Large
DCA,11322002,Large
SLC,11120731,Large
MDW,10761723,Large
SAN,10577561,Large
MIA,9787986,Large
TPA,9104125,Large
PDX,8685344,Large
DAL,7925332,Large
STL,7318250,Large
IAD,7225049,Large
BNA,7032020,Medium
AUS,6804711,Medium
HOU,6287599,Medium
MSY,6042814,Medium
OAK,5826529,Medium
MCI,5768376,Medium
RDU,5582857,Medium
SJC,5534751,Medium
SMF,5206732,Medium
SNA,4997816,Medium
CLE,4387828,Medium
IND,4375012,Medium
SAT,4298244,Medium
PIT,4246005,Medium
RSW,4209004,Medium
CMH,3698549,Medium
CVG,3682528,Medium
MKE,3421109,Medium
PBI,3053722,Medium
BDL,3030170,Medium
JAX,2715992,Medium
ABQ,2478864,Medium
BUR,2464428,Medium
BUF,2358366,Medium
OMA,2293262,Medium
ONT,2220963,Medium
MEM,2126350,Medium
CHS,1964028,Medium
OKC,1955060,Medium
RNO,1947053,Medium
PVD,1887188,Medium
RIC,1838806,Medium
LGB,1832561,Medium
BOI,1815646,Medium
SDF,1716039,Small
ORF,1709002,Small
GEG,1704995,Small
TUS,1685121,Small
ELP,1471203,Small
GRR,1424115,Small
TUL,1408059,Small
ALB,1403020,Small
BHM,1383936,Small
SFB,1275016,Small
DSM,1274284,Small
ROC,1200800,Small
SAV,1194295,Small
MYR,1147156,Small
GSP,1057036,Small
PIE,1016519,Small
SYR,1009733,Small
LIT,990340,Small
TYS,974423,Small
MHT,971779,Small
MSN,949682,Small
DAY,937013,Small
PWM,925958,Small
GSO,887590,Small
PSP,871865,Small
COS,855384,Small
PNS,850292,Small
ICT,808028,Small
HPN,756143,Small
XNA,699281,Small
AZA,686061,Small
ISP,654450,Small
FAT,653291,Small
PGD,643825,Small
LEX,638076,Small
CAK,619910,Small
BZN,599532,Small
MDT,580349,Small
BTV,577316,Small
CID,575459,Small
VPS,567496,Small
SRQ,564395,Small
FSD,543922,Small
ACY,542532,Small
MAF,530097,Small
EUG,529592,Small
HSV,528366,Small
CAE,521349,Small
CHA,490075,Small
SGF,484183,Small
AVL,479347,Small
LBB,467822,Small
ECP,462323,Small
JAN,462216,Small
MFR,440740,Small
ILM,423692,Small
BIL,417456,Small
FAR,402430,Small
FNT,394486,Small
EYW,392874,Small
MSO,387607,Small
BTR,378990,Small
PSC,377381,Small
RDM,368850,Small
TTN,364224,Small
FWA,362268,Small
SBA,356760,Small
BLI,356403,Nonhub
TLH,355451,Nonhub
DAB,347701,Nonhub
AMA,342879,Nonhub
JAC,341593,Nonhub
MLI,337301,Nonhub
CHO,334215,Nonhub
ABE,332751,Nonhub
MFE,329155,Nonhub
CRP,325375,Nonhub
GPT,325245,Nonhub
PIA,313965,Nonhub
ROA,309911,Nonhub
SBN,309196,Nonhub
AGS,291129,Nonhub
MOB,289727,Nonhub
RAP,287615,Nonhub
GRB,285188,Nonhub
ATW,281759,Nonhub
BGR,280239,Nonhub
BIS,275588,Nonhub
HRL,273402,Nonhub
FCA,272394,Nonhub
SHV,272296,Nonhub
AVP,262404,Nonhub
ASE,244707,Nonhub
FAY,238685,Nonhub
TVC,234748,Nonhub
GJT,228199,Nonhub
MLB,222759,Nonhub
GNV,218699,Nonhub
EVV,213257,Nonhub
CRW,203313,Nonhub
LFT,203065,Nonhub
STS,201072,Nonhub
PHF,198169,Nonhub
SBP,197560,Nonhub
MRY,197055,Nonhub
TRI,195251,Nonhub
DRO,186958,Nonhub
LAN,185979,Nonhub
GTF,170755,Nonhub
BMI,163579,Nonhub
SWF,157998,Nonhub
MGM,155635,Nonhub
OAJ,154811,Nonhub
LNK,154702,Nonhub
EGE,153929,Nonhub
LBE,150810,Nonhub
IDA,148257,Nonhub
AZO,146446,Nonhub
RST,145491,Nonhub
IAG,142506,Nonhub
MOT,141359,Nonhub
PBG,139416,Nonhub
SCE,138159,Nonhub
GRK,134075,Nonhub
LCK,133221,Nonhub
USA,128804,Nonhub
ELM,126454,Nonhub
BLV,123729,Nonhub
MTJ,123531,Nonhub
DLH,121617,Nonhub
AEX,120492,Nonhub
GFK,117841,Nonhub
IFP,117808,Nonhub
CWA,117160,Nonhub
ACK,112299,Nonhub
EWN,111145,Nonhub
MBS,111021,Nonhub
GCN,104898,Nonhub
HLN,104245,Nonhub
BRO,104077,Nonhub
SGU,104000,Nonhub
RFD,103964,Nonhub
MLU,103751,Nonhub
HTS,103712,Nonhub
SAF,103667,Nonhub
TOL,103384,Nonhub
CMI,100106,Nonhub
BFL,99494,Nonhub
CPR,97597,Nonhub
ITH,97195,Nonhub
HDN,96451,Nonhub
SCK,96006,Nonhub
PVU,92475,Nonhub
SPI,92144,Nonhub
LSE,90940,Nonhub
BLD,89674,Nonhub
ABI,89626,Nonhub
COU,88701,Nonhub
LRD,88337,Nonhub
SUN,86585,Nonhub
FSM,86444,Nonhub
ERI,85628,Nonhub
LYH,82718,Nonhub
LWS,77436,Nonhub
YUM,76152,Nonhub
CLL,74565,Nonhub
YKM,72439,Nonhub
FLG,70774,Nonhub
ISN,69787,Nonhub
MHK,68091,Nonhub
GRI,66897,Nonhub
ACV,66039,Nonhub
EAT,60330,Nonhub
ACT,59581,Nonhub
SJT,59368,Nonhub
PUW,59246,Nonhub
SBY,57503,Nonhub
ROW,55244,Nonhub
ORH,53869,Nonhub
PGV,52301,Nonhub
LCH,51735,Nonhub
MQT,50995,Nonhub
LAW,50789,Nonhub
CSG,50751,Nonhub
TYR,49815,Nonhub
ALW,49716,Nonhub
MVY,49486,Nonhub
ENV,49333,Nonhub
PSM,47558,Nonhub
TWF,47452,Nonhub
DHN,47149,Nonhub
VLD,43780,Nonhub
FLO,42451,Nonhub
RDD,42430,Nonhub
SUX,41964,Nonhub
GTR,41603,Nonhub
SPS,41249,Nonhub
PIH,40922,Nonhub
DBQ,40545,Nonhub
COD,39578,Nonhub
ABY,38018,Nonhub
YNG,36416,Nonhub
BQK,36405,Nonhub
JLN,35548,Nonhub
TXK,34170,Nonhub
BGM,33481,Nonhub
1G4,33189,Nonhub
PIR,32646,Nonhub
GUC,32242,Nonhub
LUK,30552,Nonhub
GCC,29368,Nonhub
MEI,29228,Nonhub
BJI,29086,Nonhub
HVN,28607,Nonhub
BTM,27697,Nonhub
ABR,27573,Nonhub
SWO,27370,Nonhub
ALO,27335,Nonhub
PLN,27290,Nonhub
GCK,26687,Nonhub
HHH,26206,Nonhub
HGR,25570,Nonhub
CKB,25197,Nonhub
CMX,24814,Nonhub
SMX,24593,Nonhub
BPT,23767,Nonhub
RHI,23736,Nonhub
EAU,23473,Nonhub
OGS,22957,Nonhub
ART,22497,Nonhub
CIU,22236,Nonhub
BRD,21423,Nonhub
RIW,21418,Nonhub
MMH,21385,Nonhub
STC,21112,Nonhub
PAH,20908,Nonhub
OGD,20700,Nonhub
JMS,20572,Nonhub
HYA,19696,Nonhub
GGG,19629,Nonhub
OWB,19576,Nonhub
DIK,19003,Nonhub
PGA,18691,Nonhub
IPT,18310,Nonhub
RKS,18109,Nonhub
IMT,17755,Nonhub
EKO,17107,Nonhub
WST,17011,Nonhub
MKG,16966,Nonhub
HIB,16810,Nonhub
ESC,16542,Nonhub
LAR,16502,Nonhub
BFI,16293,Nonhub
HOB,16214,Nonhub
CDC,15858,Nonhub
BID,15489,Nonhub
INL,15331,Nonhub
PIB,15323,Nonhub
RBN,15142,Nonhub
CCR,14657,Nonhub
OTH,12820,Nonhub
PQI,12738,Nonhub
SHR,12295,Nonhub
LKE,12101,Nonhub
BKL,11640,Nonhub
UST,11385,Nonhub
TUP,11372,Nonhub
DVL,11321,Nonhub
ATY,11180,Nonhub
APN,11125,Nonhub
MWA,10979,Nonhub
LEB,10291,Nonhub
FRD,9972,Nonhub
HYS,9460,Nonhub
SLN,9414,Nonhub
VRB,9089,Nonhub
TBN,8960,Nonhub
PVC,8884,Nonhub
WYS,8472,Nonhub
SDY,8404,Nonhub
MCE,8356,Nonhub
BHB,8321,Nonhub
DEC,8262,Nonhub
DQS,7983,Nonhub
UIN,7924,Nonhub
CEZ,7922,Nonhub
MCW,7679,Nonhub
BRL,7657,Nonhub
BKG,7294,Nonhub
FOD,7140,Nonhub
ESD,7101,Nonhub
RKD,7018,Nonhub
CEC,6973,Nonhub
VEL,6628,Nonhub
SHD,6615,Nonhub
MSL,6505,Nonhub
ALS,6493,Nonhub
CYS,6482,Nonhub
CNY,6466,Nonhub
CGI,6319,Nonhub
CDR,6211,Nonhub
AIA,6170,Nonhub
IPL,6136,Nonhub
PRC,6016,Nonhub
EWB,5984,Nonhub
BFF,5945,Nonhub
CLD,5867,Nonhub
MMU,5843,Nonhub
TVF,5743,Nonhub
PDT,5722,Nonhub
SVC,5699,Nonhub
PUB,5645,Nonhub
TEB,5583,Nonhub
LMT,5559,Nonhub
GLH,5556,Nonhub
LWB,5546,Nonhub
AUG,5434,Nonhub
MGW,5417,Nonhub
IWD,5348,Nonhub
IRK,5150,Nonhub
CVN,5075,Nonhub
BED,4993,Nonhub
RUT,4991,Nonhub
MBL,4923,Nonhub
SOW,4920,Nonhub
SLK,4898,Nonhub
MCN,4859,Nonhub
MSS,4853,Nonhub
JBR,4781,Nonhub
LNS,4664,Nonhub
EAR,4659,Nonhub
BKW,4598,Nonhub
HRO,4368,Nonhub
LBF,4225,Nonhub
PKB,4175,Nonhub
MKL,4007,Nonhub
CNM,3948,Nonhub
DUJ,3878,Nonhub
AOO,3806,Nonhub
OLF,3804,Nonhub
BFD,3746,Nonhub
FOE,3717,Nonhub
FMN,3709,Nonhub
CPS,3669,Nonhub
JST,3594,Nonhub
GGW,3517,Nonhub
FNL,3408,Nonhub
KEH,3387,Nonhub
MKC,3296,Nonhub
LAF,3090,Nonhub
PDK,3063,Nonhub
AFW,2942,Nonhub
YIP,2785,Nonhub
MCK,2717,Nonhub
HVR,2716,Nonhub
HOT,2652,Nonhub
TEX,2448,Nonhub
VCT,2418,Nonhub
MQY,2414,Nonhub
TCL,2354,Nonhub
PTK,2302,Nonhub
GDV,2229,Nonhub
BMG,2121,Nonhub
VCV,1972,Nonhub
RIV,1955,Nonhub
DDC,1883,Nonhub
BWG,1750,Nonhub
LBL,1610,Nonhub
ELD,1472,Nonhub
LGU,1430,Nonhub
DQK,1408,Nonhub
FKL,1396,Nonhub
RDG,1395,Nonhub
FRG,1229,Nonhub
JHW,1229,Nonhub
UXR,1217,Nonhub
RNT,1213,Nonhub
BAF,1156,Nonhub
DSI,1045,Nonhub
NC1,971,Nonhub
EFD,958,Nonhub
AHN,957,Nonhub
BFM,936,Nonhub
BIF,915,Nonhub
ANB,834,Nonhub
PAE,819,Nonhub
DRT,807,Nonhub
DOV,792,Nonhub
ECG,787,Nonhub
GYY,762,Nonhub
CEF,754,Nonhub
MNZ,723,Nonhub
POB,652,Nonhub
HKY,611,Nonhub
IYK,572,Nonhub
VNY,566,Nonhub
INT,554,Nonhub
DWH,552,Nonhub
FTW,549,Nonhub
LSV,548,Nonhub
KNB,471,Nonhub
OPF,440,Nonhub
CO1,389,Nonhub
ILG,388,Nonhub
HUF,377,Nonhub
NTD,357,Nonhub
BJC,317,Nonhub
FYV,303,Nonhub
LSF,294,Nonhub
SVN,291,Nonhub
APF,283,Nonhub
LRU,283,Nonhub
CHD,282,Nonhub
FOK,276,Nonhub
MVL,268,Nonhub
TN8,237,Nonhub
LAL,233,Nonhub
MFD,230,Nonhub
TCM,226,Nonhub
NYL,208,Nonhub
FWH,191,Nonhub
SC1,191,Nonhub
SLE,191,Nonhub
FID,179,Nonhub
MTO,172,Nonhub
SMN,165,Nonhub
MIE,160,Nonhub
RCE,157,Nonhub
APC,152,Nonhub
SCF,142,Nonhub
NJK,137,Nonhub
OXC,134,Nonhub
NPA,132,Nonhub
FBS,131,Nonhub
QMA,131,Nonhub
SMO,131,Nonhub
HTO,129,Nonhub
DMA,122,Nonhub
NGU,122,Nonhub
OFF,121,Nonhub
DPA,119,Nonhub
TRM,119,Nonhub
INS,114,Nonhub
PWK,111,Nonhub
RIL,111,Nonhub
VOK,111,Nonhub
ORL,99,Nonhub
RCA,99,Nonhub
CWF,94,Nonhub
FPR,88,Nonhub
ME3,88,Nonhub
NIP,81,Nonhub
APA,80,Nonhub
NKX,80,Nonhub
HHR,79,Nonhub
ADW,77,Nonhub
LFI,74,Nonhub
NQX,71,Nonhub
FXE,70,Nonhub
L41,66,Nonhub
MUO,66,Nonhub
BVY,63,Nonhub
RME,63,Nonhub
MVM,62,Nonhub
PA5,62,Nonhub
HOP,61,Nonhub
AND,60,Nonhub
BCE,60,Nonhub
SGR,59,Nonhub
UGN,59,Nonhub
AGC,58,Nonhub
SDM,58,Nonhub
NHK,55,Nonhub
MTP,53,Nonhub
NPT,50,Nonhub
BCT,49,Nonhub
DXR,47,Nonhub
EEN,47,Nonhub
UOX,45,Nonhub
DET,43,Nonhub
PNE,43,Nonhub
NEW,42,Nonhub
LCI,40,Nonhub
HSH,39,Nonhub
SUA,38,Nonhub
BDR,37,Nonhub
ERV,36,Nonhub
OWD,34,Nonhub
STP,33,Nonhub
BLM,32,Nonhub
ENW,31,Nonhub
N2C,31,Nonhub
AUO,30,Nonhub
DTR,30,Nonhub
LEW,30,Nonhub
RBW,30,Nonhub
C01,29,Nonhub
NJ1,28,Nonhub
CEU,27,Nonhub
PYM,27,Nonhub
SAC,26,Nonhub
ATO,25,Nonhub
GON,25,Nonhub
RSN,25,Nonhub
BFG,24,Nonhub
CEW,24,Nonhub
MQI,24,Nonhub
MTN,24,Nonhub
CRE,23,Nonhub
GYR,23,Nonhub
PSF,22,Nonhub
WAR,22,Nonhub
ADS,21,Nonhub
ESN,21,Nonhub
GAI,21,Nonhub
MA1,21,Nonhub
NHZ,21,Nonhub
BBX,20,Nonhub
SUS,20,Nonhub
VT1,20,Nonhub
VWK,19,Nonhub
COE,17,Nonhub
MHR,17,Nonhub
F70,16,Nonhub
JZI,16,Nonhub
PUL,16,Nonhub
GUF,15,Nonhub
MOP,15,Nonhub
NAD,15,Nonhub
TIW,15,Nonhub
UBF,15,Nonhub
JEF,14,Nonhub
P1A,14,Nonhub
PNX,14,Nonhub
TTD,14,Nonhub
CTH,13,Nonhub
FMY,13,Nonhub
GFL,13,Nonhub
MO3,13,Nonhub
PCT,13,Nonhub
SEG,13,Nonhub
TMB,13,Nonhub
DUA,12,Nonhub
MTH,12,Nonhub
PGS,12,Nonhub
QQT,12,Nonhub
ROG,12,Nonhub
LPS,11,Nonhub
LWM,11,Nonhub
WI3,11,Nonhub
IKK,10,Nonhub
ISM,10,Nonhub
MSV,10,Nonhub
BWC,9,Nonhub
CNO,9,Nonhub
DMN,9,Nonhub
HAR,9,Nonhub
MFH,9,Nonhub
MPO,9,Nonhub
OLM,9,Nonhub
PRB,9,Nonhub
SBD,9,Nonhub
TVL,9,Nonhub
VA4,9,Nonhub
1B1,8,Nonhub
EFK,8,Nonhub
FDK,8,Nonhub
FTG,8,Nonhub
FTY,8,Nonhub
ID1,8,Nonhub
JRA,8,Nonhub
JZQ,8,Nonhub
OSU,8,Nonhub
PA4,8,Nonhub
SDX,8,Nonhub
CKV,7,Nonhub
IGM,7,Nonhub
IN2,7,Nonhub
IOW,7,Nonhub
JCI,7,Nonhub
KY6,7,Nonhub
LLY,7,Nonhub
ME2,7,Nonhub
OH3,7,Nonhub
ROL,7,Nonhub
VGC,7,Nonhub
ADT,6,Nonhub
AIZ,6,Nonhub
ANP,6,Nonhub
ARB,6,Nonhub
ASH,6,Nonhub
AVW,6,Nonhub
BMC,6,Nonhub
CIC,6,Nonhub
CT1,6,Nonhub
DQN,6,Nonhub
GA2,6,Nonhub
GTY,6,Nonhub
HII,6,Nonhub
HIO,6,Nonhub
LOT,6,Nonhub
MA4,6,Nonhub
MDD,6,Nonhub
ME1,6,Nonhub
NY4,6,Nonhub
NY7,6,Nonhub
ONH,6,Nonhub
PTW,6,Nonhub
SFZ,6,Nonhub
SPF,6,Nonhub
TN6,6,Nonhub
VUO,6,Nonhub
WA1,6,Nonhub
WA3,6,Nonhub
WWD,6,Nonhub
AL3,5,Nonhub
BFT,5,Nonhub
DE3,5,Nonhub
GED,5,Nonhub
GMU,5,Nonhub
JRB,5,Nonhub
MIW,5,Nonhub
MZZ,5,Nonhub
N3C,5,Nonhub
RMG,5,Nonhub
RSJ,5,Nonhub
WVL,5,Nonhub
AIK,4,Nonhub
BJJ,4,Nonhub
CLM,4,Nonhub
CON,4,Nonhub
GA7,4,Nonhub
JGG,4,Nonhub
JZU,4,Nonhub
KY5,4,Nonhub
LA3,4,Nonhub
O6H,4,Nonhub
OCA,4,Nonhub
OFK,4,Nonhub
OTS,4,Nonhub
PA6,4,Nonhub
PTS,4,Nonhub
PUC,4,Nonhub
SLT,4,Nonhub
TOA,4,Nonhub
TX8,4,Nonhub
UES,4,Nonhub
WSX,4,Nonhub
ZXU,4,Nonhub
AMW,3,Nonhub
AYS,3,Nonhub
DHB,3,Nonhub
ECS,3,Nonhub
HIE,3,Nonhub
HLM,3,Nonhub
MHE,3,Nonhub
MHV,3,Nonhub
MKO,3,Nonhub
NY1,3,Nonhub
NY5,3,Nonhub
OPN,3,Nonhub
PPM,3,Nonhub
SBM,3,Nonhub
SFM,3,Nonhub
UT1,3,Nonhub
VA5,3,Nonhub
VIS,3,Nonhub
VWS,3,Nonhub
ZZV,3,Nonhub
CBF,2,Nonhub
FRY,2,Nonhub
GVQ,2,Nonhub
HQM,2,Nonhub
II3,2,Nonhub
ISS,2,Nonhub
JZT,2,Nonhub
LKP,2,Nonhub
LOZ,2,Nonhub
M91,2,Nonhub
MA2,2,Nonhub
MJX,2,Nonhub
MOD,2,Nonhub
MWH,2,Nonhub
O5H,2,Nonhub
OCE,2,Nonhub
OCF,2,Nonhub
OGB,2,Nonhub
OXR,2,Nonhub
POU,2,Nonhub
SEE,2,Nonhub
SOP,2,Nonhub
SVH,2,Nonhub
T2N,2,Nonhub
TKF,2,Nonhub
VA8,2,Nonhub
VUJ,2,Nonhub
AUZ,1,Nonhub
CAD,1,Nonhub
CGF,1,Nonhub
CKM,1,Nonhub
FFT,1,Nonhub
FME,1,Nonhub
LGC,1,Nonhub
MDH,1,Nonhub
MPR,1,Nonhub
N5C,1,Nonhub
PHN,1,Nonhub
SCH,1,Nonhub
SSI,1,Nonhub
SSW,1,Nonhub
VHN,1,Nonhub
WI4,1,Nonhub
ZXB,1,Nonhub
AAF,0,Nonhub
AID,0,Nonhub
AKC,0,Nonhub
AOH,0,Nonhub
ARA,0,Nonhub
ASN,0,Nonhub
AZ6,0,Nonhub
BIH,0,Nonhub
BLF,0,Nonhub
BOK,0,Nonhub
BTL,0,Nonhub
BWD,0,Nonhub
BYH,0,Nonhub
CLU,0,Nonhub
COF,0,Nonhub
COM,0,Nonhub
CSV,0,Nonhub
CVO,0,Nonhub
DAG,0,Nonhub
DCU,0,Nonhub
DQP,0,Nonhub
DTO,0,Nonhub
EKA,0,Nonhub
EKX,0,Nonhub
ELN,0,Nonhub
FET,0,Nonhub
GA0,0,Nonhub
GA3,0,Nonhub
GAD,0,Nonhub
GDC,0,Nonhub
GEY,0,Nonhub
GLR,0,Nonhub
GPM,0,Nonhub
GUP,0,Nonhub
GWO,0,Nonhub
HKS,0,Nonhub
HLI,0,Nonhub
HMN,0,Nonhub
HWD,0,Nonhub
IAB,0,Nonhub
ILN,0,Nonhub
ISO,0,Nonhub
LGD,0,Nonhub
LKV,0,Nonhub
LNR,0,Nonhub
LPR,0,Nonhub
LZU,0,Nonhub
MDJ,0,Nonhub
MEO,0,Nonhub
MEV,0,Nonhub
MGE,0,Nonhub
MI2,0,Nonhub
MNN,0,Nonhub
MRB,0,Nonhub
MRC,0,Nonhub
MVW,0,Nonhub
MZJ,0,Nonhub
N4C,0,Nonhub
NUQ,0,Nonhub
NUW,0,Nonhub
NZC,0,Nonhub
O85,0,Nonhub
OGA,0,Nonhub
OKK,0,Nonhub
ONP,0,Nonhub
OR2,0,Nonhub
OSC,0,Nonhub
PAM,0,Nonhub
PWA,0,Nonhub
QQU,0,Nonhub
QQY,0,Nonhub
RBG,0,Nonhub
RID,0,Nonhub
RQZ,0,Nonhub
RRT,0,Nonhub
RUI,0,Nonhub
RWI,0,Nonhub
SEF,0,Nonhub
SKF,0,Nonhub
SKY,0,Nonhub
SNY,0,Nonhub
SQA,0,Nonhub
SQI,0,Nonhub
SSC,0,Nonhub
SUU,0,Nonhub
SYI,0,Nonhub
SZL,0,Nonhub
T9X,0,Nonhub
TDF,0,Nonhub
TIX,0,Nonhub
TN2,0,Nonhub
TSP,0,Nonhub
TVI,0,Nonhub
TX4,0,Nonhub
UKI,0,Nonhub
UXK,0,Nonhub
UXP,0,Nonhub
VAD,0,Nonhub
VQQ,0,Nonhub
VWD,0,Nonhub
VWE,0,Nonhub
WA6,0,Nonhub
WA7,0,Nonhub
WRI,0,Nonhub
XXN,0,Nonhub
XXP,0,Nonhub
