reporting_airline,airport,n,x,y
American Airlines,ABQ,3646,-603104.745800889,-1082686.4778323667
American Airlines,ALB,2069,2093896.6988834653,90839.80353075745
American Airlines,AMA,436,-155479.84081452896,-1084678.4667509194
American Airlines,ATL,23817,1438837.9937618312,-1129310.979486318
American Airlines,AUS,18606,225823.07315140465,-1638702.7618488022
American Airlines,BDL,8852,2208123.028463688,33971.4893617478
American Airlines,BNA,10313,1193955.4135102862,-891176.9680870201
American Airlines,BOI,2202,-1296364.617988922,-29797.04410178459
American Airlines,BOS,51965,2320658.4485041024,126152.13380139158
American Airlines,BUF,2111,1707245.286740146,-4371.266382491431
American Airlines,BWI,11706,1980887.5167152977,-365563.636502196
American Airlines,BZN,262,-861247.8507503188,146078.48264388298
American Airlines,CHS,2491,1853007.6958618572,-1124845.6869020823
American Airlines,CLE,4935,1498726.2792607923,-232627.15593650908
American Airlines,CLT,192038,1718765.594159813,-891788.5105128315
American Airlines,CMH,5111,1445821.7184349983,-405735.9494879742
American Airlines,COS,2838,-407608.2995632326,-676916.7449861787
American Airlines,CRP,136,248519.4938179987,-1904926.3228790544
American Airlines,CVG,1074,1316490.950820449,-539409.9479712159
American Airlines,DAB,8,1838701.06675774,-1551799.0940549509
American Airlines,DAY,1352,1337337.3311413545,-438530.28268780926
American Airlines,DCA,50821,1959959.090984065,-409479.41835946374
American Airlines,DEN,22040,-398957.8437938119,-559911.2634607605
American Airlines,DFW,274454,278083.31647186854,-1338465.2155458855
American Airlines,DSM,3298,527073.5637794238,-365025.8008899143
American Airlines,DTW,12323,1359641.697254995,-170996.60408534826
American Airlines,EGE,1876,-591915.5806713243,-570781.3448486088
American Airlines,ELP,2732,-605825.3288960081,-1441254.1790057654
American Airlines,EWR,15177,2135095.905011877,-139210.669492847
American Airlines,FAT,1472,-1740731.0681842598,-707419.3398996206
American Airlines,FLL,14388,1989416.8668556917,-1869685.279595282
American Airlines,GEG,1798,-1301359.421680582,434754.4516689109
American Airlines,GSO,188,1786518.0109945685,-773819.2638128912
American Airlines,GSP,745,1613274.8060153143,-951578.4592630994
American Airlines,GUC,294,-602974.1659594608,-693475.1482176824
American Airlines,HDN,303,-609905.1545202036,-475672.5575641322
American Airlines,IAD,5093,1922328.2460675351,-409030.73296909296
American Airlines,IAH,14510,452316.2866359444,-1652751.7266989667
American Airlines,ICT,734,226443.7486944286,-813259.0022928995
American Airlines,ILM,1712,2011109.1479966196,-926704.3084000075
American Airlines,IND,7356,1166867.010981104,-490339.71160834696
American Airlines,JAC,1242,-861423.9636510183,-97950.92206649132
American Airlines,JAX,6576,1752547.7524868262,-1421732.3716896002
American Airlines,JFK,32755,2167729.4793459354,-134551.3799715436
American Airlines,LAS,29574,-1356682.4796960566,-868251.8410072095
American Airlines,LAX,69206,-1689593.4354288722,-1043456.7015018368
American Airlines,LBB,429,-169260.8260850428,-1256692.0105488796
American Airlines,LGA,44435,2155684.513057,-122316.28523641168
American Airlines,MCI,10166,455074.4312943624,-619331.8913740775
American Airlines,MCO,35860,1829771.2698870576,-1638824.7811905802
American Airlines,MDT,1050,1943193.8006085365,-257785.2270711698
American Airlines,MEM,5880,913341.2595404746,-1051685.0479322155
American Airlines,MFE,1621,178187.07418528103,-2082010.5655443657
American Airlines,MHT,80,2266652.2564188894,174443.80657271238
American Airlines,MIA,95189,1981134.7610135972,-1902847.3929129404
American Airlines,MKE,3758,980769.513678976,-155418.02245427898
American Airlines,MSP,17262,533284.8020873081,9198.64416372486
American Airlines,MSY,14372,943779.1568939897,-1610813.662288556
American Airlines,MTJ,262,-686655.9669476862,-688739.660562748
American Airlines,MYR,428,1934759.0351566628,-1014954.7170777966
American Airlines,OAK,2008,-1929816.947397706,-549399.1884917811
American Airlines,OKC,3828,218240.3077465392,-1063902.9710996167
American Airlines,OMA,3651,343006.6325637459,-402442.5398354072
American Airlines,ONT,5512,-1614545.9907031525,-1046821.4894757676
American Airlines,ORD,126701,995411.7016669,-262546.73068444384
American Airlines,ORF,4012,2086513.5755781755,-600723.1638676772
American Airlines,PBI,9478,1982322.2831828392,-1802085.774986376
American Airlines,PDX,8453,-1729571.0771865274,310444.7043324455
American Airlines,PHL,84816,2075929.4181951769,-255080.32292677445
American Airlines,PHX,108918,-1115699.3885834513,-1205089.0053395256
American Airlines,PIT,11889,1653058.7188770992,-301571.10045485134
American Airlines,PNS,448,1232374.963107157,-1519383.0474165194
American Airlines,PSP,2012,-1520118.9583575455,-1091859.511799427
American Airlines,PVD,4886,2312630.224903233,45984.38112504096
American Airlines,PWM,1488,2323046.368311461,282201.85932739975
American Airlines,RDU,18932,1892329.2704660424,-772779.4700067013
American Airlines,RIC,4836,1974576.5147112373,-562009.3202353421
American Airlines,RNO,4155,-1678096.5663649472,-409666.019399356
American Airlines,ROC,1165,1784302.386940441,37810.92949343497
American Airlines,RSW,9726,1822839.8385921961,-1854169.26849232
American Airlines,SAN,18299,-1603701.5452417962,-1199220.2306533586
American Airlines,SAT,12267,149495.41162521293,-1713236.8214802423
American Airlines,SAV,946,1763892.708823169,-1233594.0048643088
American Airlines,SBA,542,-1807082.5668300025,-960991.5699223796
American Airlines,SDF,494,1241535.522119959,-652005.0450171886
American Airlines,SEA,17547,-1650755.3926562539,505066.6320739882
American Airlines,SFO,26774,-1945640.7538789264,-556902.5127197708
American Airlines,SJC,8214,-1914820.4720456952,-595055.2286396603
American Airlines,SLC,9290,-1004609.4621734885,-395049.06406783813
American Airlines,SMF,8450,-1850472.0747063856,-458086.04301328777
American Airlines,SNA,12277,-1646508.559850192,-1083248.598617272
American Airlines,STL,15230,834066.6669227502,-646449.0468188728
American Airlines,SYR,1304,1905272.1686460353,72673.25213846966
American Airlines,TPA,23857,1720329.790563932,-1713285.848456208
American Airlines,TUL,5825,369902.00173730054,-968710.335093024
American Airlines,TUS,5922,-1033490.7270596127,-1363482.3767388165
American Airlines,VPS,519,1295144.3382723683,-1508625.2870949823
American Airlines,XNA,36,511251.36067402794,-951228.666706021
Delta Air Lines,ABE,718,2035303.462784226,-176046.8940675607
Delta Air Lines,ABQ,2833,-603104.745800889,-1082686.4778323667
Delta Air Lines,AGS,1625,1668087.5351537075,-1113377.2711774665
Delta Air Lines,ALB,3050,2093896.6988834653,90839.80353075745
Delta Air Lines,ATL,479840,1438837.9937618312,-1129310.979486318
Delta Air Lines,ATW,1491,910545.9787089666,-17980.838455885427
Delta Air Lines,AUS,13053,225823.07315140465,-1638702.7618488022
Delta Air Lines,AVL,1247,1573260.496368321,-898595.7508630514
Delta Air Lines,AVP,704,1991198.0849717765,-109115.6693125776
Delta Air Lines,BDL,8681,2208123.028463688,33971.4893617478
Delta Air Lines,BGR,178,2383155.416950591,448230.00171095855
Delta Air Lines,BHM,6246,1227516.423781454,-1173804.5684248093
Delta Air Lines,BIL,2123,-660622.9347007086,124849.8707744144
Delta Air Lines,BIS,983,-56761.23657923168,197379.0320391729
Delta Air Lines,BMI,124,934761.0119854604,-439927.8385468958
Delta Air Lines,BNA,12166,1193955.4135102862,-891176.9680870201
Delta Air Lines,BOI,2149,-1296364.617988922,-29797.04410178459
Delta Air Lines,BOS,31957,2320658.4485041024,126152.13380139158
Delta Air Lines,BTR,560,852622.9227781038,-1560726.580584646
Delta Air Lines,BTV,660,2081633.9139069868,291754.6637769176
Delta Air Lines,BUF,4997,1707245.286740146,-4371.266382491431
Delta Air Lines,BWI,14397,1980887.5167152977,-365563.636502196
Delta Air Lines,BZN,2590,-861247.8507503188,146078.48264388298
Delta Air Lines,CAE,2773,1732229.9363832832,-1034291.950153118
Delta Air Lines,CAK,2510,1543868.6042368207,-278981.2055969662
Delta Air Lines,CHA,1604,1343802.2515410231,-988662.7524391398
Delta Air Lines,CHO,676,1861883.5091587077,-519412.35413098417
Delta Air Lines,CHS,7870,1853007.6958618572,-1124845.6869020823
Delta Air Lines,CID,670,685025.5455007816,-311739.8633571619
Delta Air Lines,CLE,5997,1498726.2792607923,-232627.15593650908
Delta Air Lines,CLT,11884,1718765.594159813,-891788.5105128315
Delta Air Lines,CMH,7224,1445821.7184349983,-405735.9494879742
Delta Air Lines,COS,678,-407608.2995632326,-676916.7449861787
Delta Air Lines,CRW,684,1591102.2516075892,-559149.5297086491
Delta Air Lines,CVG,14585,1316490.950820449,-539409.9479712159
Delta Air Lines,DAB,3278,1838701.06675774,-1551799.0940549509
Delta Air Lines,DAL,3366,295794.1446696455,-1343507.98461109
Delta Air Lines,DAY,2740,1337337.3311413545,-438530.28268780926
Delta Air Lines,DCA,18057,1959959.090984065,-409479.41835946374
Delta Air Lines,DEN,20096,-398957.8437938119,-559911.2634607605
Delta Air Lines,DFW,11286,278083.31647186854,-1338465.2155458855
Delta Air Lines,DSM,1960,527073.5637794238,-365025.8008899143
Delta Air Lines,DTW,112923,1359641.697254995,-170996.60408534826
Delta Air Lines,ECP,3988,1366547.510727577,-1511044.3472759733
Delta Air Lines,EGE,196,-591915.5806713243,-570781.3448486088
Delta Air Lines,ELP,1738,-605825.3288960081,-1441254.1790057654
Delta Air Lines,EVV,667,1089175.423614218,-691767.6586792752
Delta Air Lines,EWR,11044,2135095.905011877,-139210.669492847
Delta Air Lines,EYW,2360,1858569.7832042675,-2069388.495473156
Delta Air Lines,FAR,1581,241816.32110393248,218351.52326654957
Delta Air Lines,FAY,886,1906593.7746134072,-871259.6974038639
Delta Air Lines,FCA,780,NA,NA
Delta Air Lines,FLL,22473,1989416.8668556917,-1869685.279595282
Delta Air Lines,FNT,2030,1311994.7209737643,-94908.29069657825
Delta Air Lines,FSD,1933,262391.66769403766,-152421.14243468866
Delta Air Lines,GEG,3220,-1301359.421680582,434754.4516689109
Delta Air Lines,GNV,610,1713210.202819757,-1521173.7749550838
Delta Air Lines,GPT,2462,1053309.932237782,-1551591.5360315368
Delta Air Lines,GRB,1494,937500.1847212611,11455.51186734217
Delta Air Lines,GRR,7807,1172122.820083283,-131332.61154739256
Delta Air Lines,GSO,4903,1786518.0109945685,-773819.2638128912
Delta Air Lines,GSP,4736,1613274.8060153143,-951578.4592630994
Delta Air Lines,GTF,152,-850982.6218190015,336557.8527662991
Delta Air Lines,HDN,204,-609905.1545202036,-475672.5575641322
Delta Air Lines,HOU,3852,460280.73628586193,-1689712.830489488
Delta Air Lines,HPN,74,2158894.9049711176,-86876.2302864189
Delta Air Lines,HSV,4076,1208834.3933259062,-1056146.4674099446
Delta Air Lines,IAD,5663,1922328.2460675351,-409030.73296909296
Delta Air Lines,IAH,6070,452316.2866359444,-1652751.7266989667
Delta Air Lines,ICT,2098,226443.7486944286,-813259.0022928995
Delta Air Lines,ILM,711,2011109.1479966196,-926704.3084000075
Delta Air Lines,IND,10065,1166867.010981104,-490339.71160834696
Delta Air Lines,JAC,2106,-861423.9636510183,-97950.92206649132
Delta Air Lines,JAN,4119,935832.583190702,-1353814.4254133569
Delta Air Lines,JAX,9171,1752547.7524868262,-1421732.3716896002
Delta Air Lines,JFK,56207,2167729.4793459354,-134551.3799715436
Delta Air Lines,LAS,26276,-1356682.4796960566,-868251.8410072095
Delta Air Lines,LAX,58302,-1689593.4354288722,-1043456.7015018368
Delta Air Lines,LEX,2249,1341000.798647487,-649583.9025673885
Delta Air Lines,LFT,701,775087.3962458812,-1604692.13984499
Delta Air Lines,LGA,47184,2155684.513057,-122316.28523641168
Delta Air Lines,LIT,4204,712194.5002882322,-1107832.4518794755
Delta Air Lines,MCI,13161,455074.4312943624,-619331.8913740775
Delta Air Lines,MCO,35708,1829771.2698870576,-1638824.7811905802
Delta Air Lines,MDT,2170,1943193.8006085365,-257785.2270711698
Delta Air Lines,MDW,5078,1011185.7905791268,-281702.30650750065
Delta Air Lines,MEM,9094,913341.2595404746,-1051685.0479322155
Delta Air Lines,MHT,784,2266652.2564188894,174443.80657271238
Delta Air Lines,MIA,19582,1981134.7610135972,-1902847.3929129404
Delta Air Lines,MKE,10386,980769.513678976,-155418.02245427898
Delta Air Lines,MLB,2761,1900134.869329781,-1660095.1338035632
Delta Air Lines,MOB,916,1128771.5470616468,-1509919.7780781558
Delta Air Lines,MSN,5871,862184.7227999782,-150397.75067967636
Delta Air Lines,MSO,1362,-1063417.7421266043,306790.99797850905
Delta Air Lines,MSP,131835,533284.8020873081,9198.64416372486
Delta Air Lines,MSY,14646,943779.1568939897,-1610813.662288556
Delta Air Lines,MTJ,70,-686655.9669476862,-688739.660562748
Delta Air Lines,MYR,2395,1934759.0351566628,-1014954.7170777966
Delta Air Lines,OAJ,184,2022119.878178968,-859175.0999656057
Delta Air Lines,OAK,2268,-1929816.947397706,-549399.1884917811
Delta Air Lines,OKC,3800,218240.3077465392,-1063902.9710996167
Delta Air Lines,OMA,6138,343006.6325637459,-402442.5398354072
Delta Air Lines,ONT,639,-1614545.9907031525,-1046821.4894757676
Delta Air Lines,ORD,15570,995411.7016669,-262546.73068444384
Delta Air Lines,ORF,6036,2086513.5755781755,-600723.1638676772
Delta Air Lines,PBI,12700,1982322.2831828392,-1802085.774986376
Delta Air Lines,PDX,14546,-1729571.0771865274,310444.7043324455
Delta Air Lines,PHF,708,2054974.7967551427,-582339.5117071073
Delta Air Lines,PHL,13719,2075929.4181951769,-255080.32292677445
Delta Air Lines,PHX,14770,-1115699.3885834513,-1205089.0053395256
Delta Air Lines,PIT,7816,1653058.7188770992,-301571.10045485134
Delta Air Lines,PNS,5012,1232374.963107157,-1519383.0474165194
Delta Air Lines,PSC,508,-1452424.2500285408,314551.0124902064
Delta Air Lines,PSP,266,-1520118.9583575455,-1091859.511799427
Delta Air Lines,PVD,3390,2312630.224903233,45984.38112504096
Delta Air Lines,PWM,1566,2323046.368311461,282201.85932739975
Delta Air Lines,RAP,392,-244254.86787282676,-101558.09433123024
Delta Air Lines,RDU,12342,1892329.2704660424,-772779.4700067013
Delta Air Lines,RIC,5932,1974576.5147112373,-562009.3202353421
Delta Air Lines,RNO,1736,-1678096.5663649472,-409666.019399356
Delta Air Lines,ROA,832,1753714.8239882167,-641182.8013547789
Delta Air Lines,ROC,2808,1784302.386940441,37810.92949343497
Delta Air Lines,RSW,11425,1822839.8385921961,-1854169.26849232
Delta Air Lines,SAN,14085,-1603701.5452417962,-1199220.2306533586
Delta Air Lines,SAT,7575,149495.41162521293,-1713236.8214802423
Delta Air Lines,SAV,6886,1763892.708823169,-1233594.0048643088
Delta Air Lines,SBN,75,1129761.4317361645,-271516.7521662423
Delta Air Lines,SDF,5557,1241535.522119959,-652005.0450171886
Delta Air Lines,SEA,36547,-1650755.3926562539,505066.6320739882
Delta Air Lines,SFO,23790,-1945640.7538789264,-556902.5127197708
Delta Air Lines,SGF,491,585825.6252497791,-838475.0991829366
Delta Air Lines,SHV,144,582239.433615858,-1372127.7848003015
Delta Air Lines,SJC,8100,-1914820.4720456952,-595055.2286396603
Delta Air Lines,SLC,86867,-1004609.4621734885,-395049.06406783813
Delta Air Lines,SMF,5365,-1850472.0747063856,-458086.04301328777
Delta Air Lines,SNA,7681,-1646508.559850192,-1083248.598617272
Delta Air Lines,SRQ,4508,1728853.7880800036,-1776894.0369085146
Delta Air Lines,STL,9943,834066.6669227502,-646449.0468188728
Delta Air Lines,SYR,2936,1905272.1686460353,72673.25213846966
Delta Air Lines,TLH,3152,1503095.9869380468,-1482768.4625080186
Delta Air Lines,TPA,22746,1720329.790563932,-1713285.848456208
Delta Air Lines,TRI,759,1563180.7093760164,-782403.2612840846
Delta Air Lines,TUL,1880,369902.00173730054,-968710.335093024
Delta Air Lines,TUS,1703,-1033490.7270596127,-1363482.3767388165
Delta Air Lines,TVC,668,1131251.581673923,72331.77434956355
Delta Air Lines,TYS,2134,1437259.8790258272,-883549.1515317184
Delta Air Lines,VPS,3609,1295144.3382723683,-1508625.2870949823
Delta Air Lines,XNA,1196,511251.36067402794,-951228.666706021
United Airlines,ABQ,1851,-603104.745800889,-1082686.4778323667
United Airlines,AGS,2,1668087.5351537075,-1113377.2711774665
United Airlines,ALB,1325,2093896.6988834653,90839.80353075745
United Airlines,ATL,10459,1438837.9937618312,-1129310.979486318
United Airlines,AUS,13646,225823.07315140465,-1638702.7618488022
United Airlines,AVL,638,1573260.496368321,-898595.7508630514
United Airlines,BDL,3555,2208123.028463688,33971.4893617478
United Airlines,BIL,1612,-660622.9347007086,124849.8707744144
United Airlines,BNA,4029,1193955.4135102862,-891176.9680870201
United Airlines,BOI,1376,-1296364.617988922,-29797.04410178459
United Airlines,BOS,24855,2320658.4485041024,126152.13380139158
United Airlines,BTR,4,852622.9227781038,-1560726.580584646
United Airlines,BTV,465,2081633.9139069868,291754.6637769176
United Airlines,BUF,973,1707245.286740146,-4371.266382491431
United Airlines,BUR,1400,-1679613.0736233827,-1016244.4677102008
United Airlines,BWI,6180,1980887.5167152977,-365563.636502196
United Airlines,BZN,2831,-861247.8507503188,146078.48264388298
United Airlines,CHS,1510,1853007.6958618572,-1124845.6869020823
United Airlines,CID,992,685025.5455007816,-311739.8633571619
United Airlines,CLE,10610,1498726.2792607923,-232627.15593650908
United Airlines,CLT,2592,1718765.594159813,-891788.5105128315
United Airlines,CMH,1902,1445821.7184349983,-405735.9494879742
United Airlines,CVG,1379,1316490.950820449,-539409.9479712159
United Airlines,DCA,8901,1959959.090984065,-409479.41835946374
United Airlines,DEN,121290,-398957.8437938119,-559911.2634607605
United Airlines,DFW,12741,278083.31647186854,-1338465.2155458855
United Airlines,DSM,2223,527073.5637794238,-365025.8008899143
United Airlines,DTW,3674,1359641.697254995,-170996.60408534826
United Airlines,EGE,589,-591915.5806713243,-570781.3448486088
United Airlines,EUG,2691,-1821248.2565430696,166143.80782859208
United Airlines,EWR,106456,2135095.905011877,-139210.669492847
United Airlines,FAT,270,-1740731.0681842598,-707419.3398996206
United Airlines,FCA,482,NA,NA
United Airlines,FLL,13159,1989416.8668556917,-1869685.279595282
United Airlines,FSD,1002,262391.66769403766,-152421.14243468866
United Airlines,GEG,1831,-1301359.421680582,434754.4516689109
United Airlines,GRR,1510,1172122.820083283,-131332.61154739256
United Airlines,GUC,44,-602974.1659594608,-693475.1482176824
United Airlines,HDN,314,-609905.1545202036,-475672.5575641322
United Airlines,IAD,45038,1922328.2460675351,-409030.73296909296
United Airlines,IAH,115381,452316.2866359444,-1652751.7266989667
United Airlines,ICT,1337,226443.7486944286,-813259.0022928995
United Airlines,IND,2544,1166867.010981104,-490339.71160834696
United Airlines,JAC,2252,-861423.9636510183,-97950.92206649132
United Airlines,JAX,1533,1752547.7524868262,-1421732.3716896002
United Airlines,LAS,24270,-1356682.4796960566,-868251.8410072095
United Airlines,LAX,47466,-1689593.4354288722,-1043456.7015018368
United Airlines,LGA,17135,2155684.513057,-122316.28523641168
United Airlines,MCI,4180,455074.4312943624,-619331.8913740775
United Airlines,MCO,23811,1829771.2698870576,-1638824.7811905802
United Airlines,MDT,614,1943193.8006085365,-257785.2270711698
United Airlines,MEM,1586,913341.2595404746,-1051685.0479322155
United Airlines,MFE,1650,178187.07418528103,-2082010.5655443657
United Airlines,MFR,1102,-1848901.1636070216,-30420.714220456124
United Airlines,MIA,9557,1981134.7610135972,-1902847.3929129404
United Airlines,MKE,1962,980769.513678976,-155418.02245427898
United Airlines,MSN,2377,862184.7227999782,-150397.75067967636
United Airlines,MSO,24,-1063417.7421266043,306790.99797850905
United Airlines,MSP,8598,533284.8020873081,9198.64416372486
United Airlines,MSY,10999,943779.1568939897,-1610813.662288556
United Airlines,MTJ,374,-686655.9669476862,-688739.660562748
United Airlines,MYR,614,1934759.0351566628,-1014954.7170777966
United Airlines,OKC,934,218240.3077465392,-1063902.9710996167
United Airlines,OMA,3589,343006.6325637459,-402442.5398354072
United Airlines,ONT,1276,-1614545.9907031525,-1046821.4894757676
United Airlines,ORD,144603,995411.7016669,-262546.73068444384
United Airlines,ORF,1859,2086513.5755781755,-600723.1638676772
United Airlines,PBI,4593,1982322.2831828392,-1802085.774986376
United Airlines,PDX,13831,-1729571.0771865274,310444.7043324455
United Airlines,PHL,8378,2075929.4181951769,-255080.32292677445
United Airlines,PHX,14594,-1115699.3885834513,-1205089.0053395256
United Airlines,PIT,4176,1653058.7188770992,-301571.10045485134
United Airlines,PSP,2108,-1520118.9583575455,-1091859.511799427
United Airlines,PWM,168,2323046.368311461,282201.85932739975
United Airlines,RDU,6492,1892329.2704660424,-772779.4700067013
United Airlines,RIC,1015,1974576.5147112373,-562009.3202353421
United Airlines,RNO,3111,-1678096.5663649472,-409666.019399356
United Airlines,ROC,1363,1784302.386940441,37810.92949343497
United Airlines,RSW,5409,1822839.8385921961,-1854169.26849232
United Airlines,SAN,19236,-1603701.5452417962,-1199220.2306533586
United Airlines,SAT,6271,149495.41162521293,-1713236.8214802423
United Airlines,SAV,1170,1763892.708823169,-1233594.0048643088
United Airlines,SBA,876,-1807082.5668300025,-960991.5699223796
United Airlines,SDF,22,1241535.522119959,-652005.0450171886
United Airlines,SEA,19328,-1650755.3926562539,505066.6320739882
United Airlines,SFO,107681,-1945640.7538789264,-556902.5127197708
United Airlines,SJC,3763,-1914820.4720456952,-595055.2286396603
United Airlines,SLC,4253,-1004609.4621734885,-395049.06406783813
United Airlines,SMF,6176,-1850472.0747063856,-458086.04301328777
United Airlines,SNA,12844,-1646508.559850192,-1083248.598617272
United Airlines,SRQ,633,1728853.7880800036,-1776894.0369085146
United Airlines,STL,883,834066.6669227502,-646449.0468188728
United Airlines,SYR,330,1905272.1686460353,72673.25213846966
United Airlines,TPA,13347,1720329.790563932,-1713285.848456208
United Airlines,TUL,1204,369902.00173730054,-968710.335093024
United Airlines,TUS,779,-1033490.7270596127,-1363482.3767388165
United Airlines,TYS,624,1437259.8790258272,-883549.1515317184
Southwest Airlines,ABQ,22934,-603104.745800889,-1082686.4778323667
Southwest Airlines,ALB,8966,2093896.6988834653,90839.80353075745
Southwest Airlines,AMA,3518,-155479.84081452896,-1084678.4667509194
Southwest Airlines,ATL,84237,1438837.9937618312,-1129310.979486318
Southwest Airlines,AUS,44049,225823.07315140465,-1638702.7618488022
Southwest Airlines,BDL,13045,2208123.028463688,33971.4893617478
Southwest Airlines,BHM,8509,1227516.423781454,-1173804.5684248093
Southwest Airlines,BNA,65575,1193955.4135102862,-891176.9680870201
Southwest Airlines,BOI,7740,-1296364.617988922,-29797.04410178459
Southwest Airlines,BOS,24561,2320658.4485041024,126152.13380139158
Southwest Airlines,BUF,12614,1707245.286740146,-4371.266382491431
Southwest Airlines,BUR,36263,-1679613.0736233827,-1016244.4677102008
Southwest Airlines,BWI,144412,1980887.5167152977,-365563.636502196
Southwest Airlines,CAK,905,1543868.6042368207,-278981.2055969662
Southwest Airlines,CHS,5736,1853007.6958618572,-1124845.6869020823
Southwest Airlines,CLE,12427,1498726.2792607923,-232627.15593650908
Southwest Airlines,CLT,5372,1718765.594159813,-891788.5105128315
Southwest Airlines,CMH,24450,1445821.7184349983,-405735.9494879742
Southwest Airlines,CRP,2702,248519.4938179987,-1904926.3228790544
Southwest Airlines,CVG,3278,1316490.950820449,-539409.9479712159
Southwest Airlines,DAL,126137,295794.1446696455,-1343507.98461109
Southwest Airlines,DAY,921,1337337.3311413545,-438530.28268780926
Southwest Airlines,DCA,30140,1959959.090984065,-409479.41835946374
Southwest Airlines,DEN,136828,-398957.8437938119,-559911.2634607605
Southwest Airlines,DSM,2084,527073.5637794238,-365025.8008899143
Southwest Airlines,DTW,14427,1359641.697254995,-170996.60408534826
Southwest Airlines,ECP,3510,1366547.510727577,-1511044.3472759733
Southwest Airlines,ELP,13871,-605825.3288960081,-1441254.1790057654
Southwest Airlines,EWR,12530,2135095.905011877,-139210.669492847
Southwest Airlines,FLL,44015,1989416.8668556917,-1869685.279595282
Southwest Airlines,FNT,2204,1311994.7209737643,-94908.29069657825
Southwest Airlines,GEG,7086,-1301359.421680582,434754.4516689109
Southwest Airlines,GRR,4368,1172122.820083283,-131332.61154739256
Southwest Airlines,GSP,2080,1613274.8060153143,-951578.4592630994
Southwest Airlines,HOU,102369,460280.73628586193,-1689712.830489488
Southwest Airlines,HRL,4134,237048.03015074244,-2075075.3380641756
Southwest Airlines,IAD,4542,1922328.2460675351,-409030.73296909296
Southwest Airlines,ICT,2814,226443.7486944286,-813259.0022928995
Southwest Airlines,IND,25782,1166867.010981104,-490339.71160834696
Southwest Airlines,ISP,9136,2215883.546956132,-99560.578426239
Southwest Airlines,JAX,8854,1752547.7524868262,-1421732.3716896002
Southwest Airlines,LAS,147848,-1356682.4796960566,-868251.8410072095
Southwest Airlines,LAX,84912,-1689593.4354288722,-1043456.7015018368
Southwest Airlines,LBB,4910,-169260.8260850428,-1256692.0105488796
Southwest Airlines,LGA,21968,2155684.513057,-122316.28523641168
Southwest Airlines,LGB,4245,-1669160.1672619907,-1062148.6422438323
Southwest Airlines,LIT,4883,712194.5002882322,-1107832.4518794755
Southwest Airlines,MAF,6062,-209054.6593990342,-1446122.8030006909
Southwest Airlines,MCI,50610,455074.4312943624,-619331.8913740775
Southwest Airlines,MCO,79579,1829771.2698870576,-1638824.7811905802
Southwest Airlines,MDW,165918,1011185.7905791268,-281702.30650750065
Southwest Airlines,MEM,6852,913341.2595404746,-1051685.0479322155
Southwest Airlines,MHT,9140,2266652.2564188894,174443.80657271238
Southwest Airlines,MKE,25271,980769.513678976,-155418.02245427898
Southwest Airlines,MSP,17700,533284.8020873081,9198.64416372486
Southwest Airlines,MSY,39248,943779.1568939897,-1610813.662288556
Southwest Airlines,OAK,79940,-1929816.947397706,-549399.1884917811
Southwest Airlines,OKC,13101,218240.3077465392,-1063902.9710996167
Southwest Airlines,OMA,13607,343006.6325637459,-402442.5398354072
Southwest Airlines,ONT,23254,-1614545.9907031525,-1046821.4894757676
Southwest Airlines,ORF,5662,2086513.5755781755,-600723.1638676772
Southwest Airlines,PBI,5292,1982322.2831828392,-1802085.774986376
Southwest Airlines,PDX,27726,-1729571.0771865274,310444.7043324455
Southwest Airlines,PHL,17632,2075929.4181951769,-255080.32292677445
Southwest Airlines,PHX,121839,-1115699.3885834513,-1205089.0053395256
Southwest Airlines,PIT,20272,1653058.7188770992,-301571.10045485134
Southwest Airlines,PNS,2558,1232374.963107157,-1519383.0474165194
Southwest Airlines,PVD,14158,2312630.224903233,45984.38112504096
Southwest Airlines,PWM,2458,2323046.368311461,282201.85932739975
Southwest Airlines,RDU,20692,1892329.2704660424,-772779.4700067013
Southwest Airlines,RIC,2150,1974576.5147112373,-562009.3202353421
Southwest Airlines,RNO,16178,-1678096.5663649472,-409666.019399356
Southwest Airlines,ROC,3688,1784302.386940441,37810.92949343497
Southwest Airlines,RSW,14824,1822839.8385921961,-1854169.26849232
Southwest Airlines,SAN,72076,-1603701.5452417962,-1199220.2306533586
Southwest Airlines,SAT,32688,149495.41162521293,-1713236.8214802423
Southwest Airlines,SDF,8862,1241535.522119959,-652005.0450171886
Southwest Airlines,SEA,24101,-1650755.3926562539,505066.6320739882
Southwest Airlines,SFO,34626,-1945640.7538789264,-556902.5127197708
Southwest Airlines,SJC,52225,-1914820.4720456952,-595055.2286396603
Southwest Airlines,SLC,22127,-1004609.4621734885,-395049.06406783813
Southwest Airlines,SMF,50852,-1850472.0747063856,-458086.04301328777
Southwest Airlines,SNA,35436,-1646508.559850192,-1083248.598617272
Southwest Airlines,STL,73369,834066.6669227502,-646449.0468188728
Southwest Airlines,TPA,55470,1720329.790563932,-1713285.848456208
Southwest Airlines,TUL,9497,369902.00173730054,-968710.335093024
Southwest Airlines,TUS,8293,-1033490.7270596127,-1363482.3767388165
