airline,airport,type,block,n,airline_airport
AA,AUS,Arrival,2017-01-01T00:01:00Z,-45,American / Austin-Bergstrom International Airport (AUS)
AA,AUS,Arrival,2017-01-01T00:11:00Z,-27,American / Austin-Bergstrom International Airport (AUS)
AA,AUS,Arrival,2017-01-01T00:21:00Z,-14,American / Austin-Bergstrom International Airport (AUS)
AA,AUS,Arrival,2017-01-01T00:31:00Z,-11,American / Austin-Bergstrom International Airport (AUS)
AA,AUS,Arrival,2017-01-01T00:41:00Z,-9,American / Austin-Bergstrom International Airport (AUS)
AA,AUS,Arrival,2017-01-01T00:51:00Z,-11,American / Austin-Bergstrom International Airport (AUS)
AA,AUS,Arrival,2017-01-01T01:01:00Z,-10,American / Austin-Bergstrom International Airport (AUS)
AA,AUS,Arrival,2017-01-01T01:11:00Z,-7,American / Austin-Bergstrom International Airport (AUS)
AA,AUS,Arrival,2017-01-01T01:21:00Z,-3,American / Austin-Bergstrom International Airport (AUS)
AA,AUS,Arrival,2017-01-01T01:31:00Z,-6,American / Austin-Bergstrom International Airport (AUS)
AA,AUS,Arrival,2017-01-01T01:41:00Z,-7,American / Austin-Bergstrom International Airport (AUS)
AA,AUS,Arrival,2017-01-01T01:51:00Z,-13,American / Austin-Bergstrom International Airport (AUS)
AA,AUS,Arrival,2017-01-01T02:01:00Z,-14,American / Austin-Bergstrom International Airport (AUS)
AA,AUS,Arrival,2017-01-01T02:11:00Z,-6,American / Austin-Bergstrom International Airport (AUS)
AA,AUS,Arrival,2017-01-01T02:21:00Z,-4,American / Austin-Bergstrom International Airport (AUS)
AA,AUS,Arrival,2017-01-01T02:31:00Z,-4,American / Austin-Bergstrom International Airport (AUS)
AA,AUS,Arrival,2017-01-01T02:41:00Z,-1,American / Austin-Bergstrom International Airport (AUS)
AA,AUS,Arrival,2017-01-01T02:51:00Z,-1,American / Austin-Bergstrom International Airport (AUS)
AA,AUS,Arrival,2017-01-01T03:01:00Z,-1,American / Austin-Bergstrom International Airport (AUS)
AA,AUS,Arrival,2017-01-01T03:11:00Z,-2,American / Austin-Bergstrom International Airport (AUS)
AA,AUS,Arrival,2017-01-01T03:31:00Z,-1,American / Austin-Bergstrom International Airport (AUS)
AA,AUS,Arrival,2017-01-01T04:01:00Z,-1,American / Austin-Bergstrom International Airport (AUS)
AA,AUS,Arrival,2017-01-01T04:41:00Z,-1,American / Austin-Bergstrom International Airport (AUS)
AA,AUS,Arrival,2017-01-01T04:51:00Z,-1,American / Austin-Bergstrom International Airport (AUS)
AA,AUS,Arrival,2017-01-01T07:21:00Z,-50,American / Austin-Bergstrom International Airport (AUS)
AA,AUS,Arrival,2017-01-01T07:31:00Z,-127,American / Austin-Bergstrom International Airport (AUS)
AA,AUS,Arrival,2017-01-01T07:41:00Z,-44,American / Austin-Bergstrom International Airport (AUS)
AA,AUS,Arrival,2017-01-01T07:51:00Z,-28,American / Austin-Bergstrom International Airport (AUS)
AA,AUS,Arrival,2017-01-01T08:01:00Z,-28,American / Austin-Bergstrom International Airport (AUS)
AA,AUS,Arrival,2017-01-01T08:11:00Z,-23,American / Austin-Bergstrom International Airport (AUS)
AA,AUS,Arrival,2017-01-01T08:21:00Z,-11,American / Austin-Bergstrom International Airport (AUS)
AA,AUS,Arrival,2017-01-01T08:31:00Z,-6,American / Austin-Bergstrom International Airport (AUS)
AA,AUS,Arrival,2017-01-01T08:41:00Z,-3,American / Austin-Bergstrom International Airport (AUS)
AA,AUS,Arrival,2017-01-01T08:51:00Z,-4,American / Austin-Bergstrom International Airport (AUS)
AA,AUS,Arrival,2017-01-01T09:01:00Z,-5,American / Austin-Bergstrom International Airport (AUS)
AA,AUS,Arrival,2017-01-01T09:11:00Z,-32,American / Austin-Bergstrom International Airport (AUS)
AA,AUS,Arrival,2017-01-01T09:21:00Z,-32,American / Austin-Bergstrom International Airport (AUS)
AA,AUS,Arrival,2017-01-01T09:31:00Z,-190,American / Austin-Bergstrom International Airport (AUS)
AA,AUS,Arrival,2017-01-01T09:41:00Z,-154,American / Austin-Bergstrom International Airport (AUS)
AA,AUS,Arrival,2017-01-01T09:51:00Z,-101,American / Austin-Bergstrom International Airport (AUS)
AA,AUS,Arrival,2017-01-01T10:01:00Z,-46,American / Austin-Bergstrom International Airport (AUS)
AA,AUS,Arrival,2017-01-01T10:11:00Z,-30,American / Austin-Bergstrom International Airport (AUS)
AA,AUS,Arrival,2017-01-01T10:21:00Z,-15,American / Austin-Bergstrom International Airport (AUS)
AA,AUS,Arrival,2017-01-01T10:31:00Z,-9,American / Austin-Bergstrom International Airport (AUS)
AA,AUS,Arrival,2017-01-01T10:41:00Z,-42,American / Austin-Bergstrom International Airport (AUS)
AA,AUS,Arrival,2017-01-01T10:51:00Z,-104,American / Austin-Bergstrom International Airport (AUS)
AA,AUS,Arrival,2017-01-01T11:01:00Z,-72,American / Austin-Bergstrom International Airport (AUS)
AA,AUS,Arrival,2017-01-01T11:11:00Z,-34,American / Austin-Bergstrom International Airport (AUS)
AA,AUS,Arrival,2017-01-01T11:21:00Z,-34,American / Austin-Bergstrom International Airport (AUS)
AA,AUS,Arrival,2017-01-01T11:31:00Z,-76,American / Austin-Bergstrom International Airport (AUS)
AA,AUS,Arrival,2017-01-01T11:41:00Z,-156,American / Austin-Bergstrom International Airport (AUS)
AA,AUS,Arrival,2017-01-01T11:51:00Z,-166,American / Austin-Bergstrom International Airport (AUS)
AA,AUS,Arrival,2017-01-01T12:01:00Z,-118,American / Austin-Bergstrom International Airport (AUS)
AA,AUS,Arrival,2017-01-01T12:11:00Z,-103,American / Austin-Bergstrom International Airport (AUS)
AA,AUS,Arrival,2017-01-01T12:21:00Z,-90,American / Austin-Bergstrom International Airport (AUS)
AA,AUS,Arrival,2017-01-01T12:31:00Z,-202,American / Austin-Bergstrom International Airport (AUS)
AA,AUS,Arrival,2017-01-01T12:41:00Z,-188,American / Austin-Bergstrom International Airport (AUS)
AA,AUS,Arrival,2017-01-01T12:51:00Z,-137,American / Austin-Bergstrom International Airport (AUS)
AA,AUS,Arrival,2017-01-01T13:01:00Z,-112,American / Austin-Bergstrom International Airport (AUS)
AA,AUS,Arrival,2017-01-01T13:11:00Z,-152,American / Austin-Bergstrom International Airport (AUS)
AA,AUS,Arrival,2017-01-01T13:21:00Z,-242,American / Austin-Bergstrom International Airport (AUS)
AA,AUS,Arrival,2017-01-01T13:31:00Z,-203,American / Austin-Bergstrom International Airport (AUS)
AA,AUS,Arrival,2017-01-01T13:41:00Z,-92,American / Austin-Bergstrom International Airport (AUS)
AA,AUS,Arrival,2017-01-01T13:51:00Z,-49,American / Austin-Bergstrom International Airport (AUS)
AA,AUS,Arrival,2017-01-01T14:01:00Z,-27,American / Austin-Bergstrom International Airport (AUS)
AA,AUS,Arrival,2017-01-01T14:11:00Z,-13,American / Austin-Bergstrom International Airport (AUS)
AA,AUS,Arrival,2017-01-01T14:21:00Z,-12,American / Austin-Bergstrom International Airport (AUS)
AA,AUS,Arrival,2017-01-01T14:31:00Z,-57,American / Austin-Bergstrom International Airport (AUS)
AA,AUS,Arrival,2017-01-01T14:41:00Z,-97,American / Austin-Bergstrom International Airport (AUS)
AA,AUS,Arrival,2017-01-01T14:51:00Z,-95,American / Austin-Bergstrom International Airport (AUS)
AA,AUS,Arrival,2017-01-01T15:01:00Z,-56,American / Austin-Bergstrom International Airport (AUS)
AA,AUS,Arrival,2017-01-01T15:11:00Z,-34,American / Austin-Bergstrom International Airport (AUS)
AA,AUS,Arrival,2017-01-01T15:21:00Z,-69,American / Austin-Bergstrom International Airport (AUS)
AA,AUS,Arrival,2017-01-01T15:31:00Z,-138,American / Austin-Bergstrom International Airport (AUS)
AA,AUS,Arrival,2017-01-01T15:41:00Z,-87,American / Austin-Bergstrom International Airport (AUS)
AA,AUS,Arrival,2017-01-01T15:51:00Z,-35,American / Austin-Bergstrom International Airport (AUS)
AA,AUS,Arrival,2017-01-01T16:01:00Z,-14,American / Austin-Bergstrom International Airport (AUS)
AA,AUS,Arrival,2017-01-01T16:11:00Z,-74,American / Austin-Bergstrom International Airport (AUS)
AA,AUS,Arrival,2017-01-01T16:21:00Z,-87,American / Austin-Bergstrom International Airport (AUS)
AA,AUS,Arrival,2017-01-01T16:31:00Z,-155,American / Austin-Bergstrom International Airport (AUS)
AA,AUS,Arrival,2017-01-01T16:41:00Z,-208,American / Austin-Bergstrom International Airport (AUS)
AA,AUS,Arrival,2017-01-01T16:51:00Z,-144,American / Austin-Bergstrom International Airport (AUS)
AA,AUS,Arrival,2017-01-01T17:01:00Z,-86,American / Austin-Bergstrom International Airport (AUS)
AA,AUS,Arrival,2017-01-01T17:11:00Z,-91,American / Austin-Bergstrom International Airport (AUS)
AA,AUS,Arrival,2017-01-01T17:21:00Z,-217,American / Austin-Bergstrom International Airport (AUS)
AA,AUS,Arrival,2017-01-01T17:31:00Z,-192,American / Austin-Bergstrom International Airport (AUS)
AA,AUS,Arrival,2017-01-01T17:41:00Z,-200,American / Austin-Bergstrom International Airport (AUS)
AA,AUS,Arrival,2017-01-01T17:51:00Z,-98,American / Austin-Bergstrom International Airport (AUS)
AA,AUS,Arrival,2017-01-01T18:01:00Z,-55,American / Austin-Bergstrom International Airport (AUS)
AA,AUS,Arrival,2017-01-01T18:11:00Z,-34,American / Austin-Bergstrom International Airport (AUS)
AA,AUS,Arrival,2017-01-01T18:21:00Z,-52,American / Austin-Bergstrom International Airport (AUS)
AA,AUS,Arrival,2017-01-01T18:31:00Z,-105,American / Austin-Bergstrom International Airport (AUS)
AA,AUS,Arrival,2017-01-01T18:41:00Z,-88,American / Austin-Bergstrom International Airport (AUS)
AA,AUS,Arrival,2017-01-01T18:51:00Z,-67,American / Austin-Bergstrom International Airport (AUS)
AA,AUS,Arrival,2017-01-01T19:01:00Z,-64,American / Austin-Bergstrom International Airport (AUS)
AA,AUS,Arrival,2017-01-01T19:11:00Z,-79,American / Austin-Bergstrom International Airport (AUS)
AA,AUS,Arrival,2017-01-01T19:21:00Z,-40,American / Austin-Bergstrom International Airport (AUS)
AA,AUS,Arrival,2017-01-01T19:31:00Z,-39,American / Austin-Bergstrom International Airport (AUS)
AA,AUS,Arrival,2017-01-01T19:41:00Z,-58,American / Austin-Bergstrom International Airport (AUS)
AA,AUS,Arrival,2017-01-01T19:51:00Z,-113,American / Austin-Bergstrom International Airport (AUS)
AA,AUS,Arrival,2017-01-01T20:01:00Z,-181,American / Austin-Bergstrom International Airport (AUS)
AA,AUS,Arrival,2017-01-01T20:11:00Z,-218,American / Austin-Bergstrom International Airport (AUS)
AA,AUS,Arrival,2017-01-01T20:21:00Z,-222,American / Austin-Bergstrom International Airport (AUS)
AA,AUS,Arrival,2017-01-01T20:31:00Z,-176,American / Austin-Bergstrom International Airport (AUS)
AA,AUS,Arrival,2017-01-01T20:41:00Z,-116,American / Austin-Bergstrom International Airport (AUS)
AA,AUS,Arrival,2017-01-01T20:51:00Z,-98,American / Austin-Bergstrom International Airport (AUS)
AA,AUS,Arrival,2017-01-01T21:01:00Z,-73,American / Austin-Bergstrom International Airport (AUS)
AA,AUS,Arrival,2017-01-01T21:11:00Z,-51,American / Austin-Bergstrom International Airport (AUS)
AA,AUS,Arrival,2017-01-01T21:21:00Z,-93,American / Austin-Bergstrom International Airport (AUS)
AA,AUS,Arrival,2017-01-01T21:31:00Z,-122,American / Austin-Bergstrom International Airport (AUS)
AA,AUS,Arrival,2017-01-01T21:41:00Z,-109,American / Austin-Bergstrom International Airport (AUS)
AA,AUS,Arrival,2017-01-01T21:51:00Z,-84,American / Austin-Bergstrom International Airport (AUS)
AA,AUS,Arrival,2017-01-01T22:01:00Z,-55,American / Austin-Bergstrom International Airport (AUS)
AA,AUS,Arrival,2017-01-01T22:11:00Z,-43,American / Austin-Bergstrom International Airport (AUS)
AA,AUS,Arrival,2017-01-01T22:21:00Z,-50,American / Austin-Bergstrom International Airport (AUS)
AA,AUS,Arrival,2017-01-01T22:31:00Z,-95,American / Austin-Bergstrom International Airport (AUS)
AA,AUS,Arrival,2017-01-01T22:41:00Z,-131,American / Austin-Bergstrom International Airport (AUS)
AA,AUS,Arrival,2017-01-01T22:51:00Z,-82,American / Austin-Bergstrom International Airport (AUS)
AA,AUS,Arrival,2017-01-01T23:01:00Z,-149,American / Austin-Bergstrom International Airport (AUS)
AA,AUS,Arrival,2017-01-01T23:11:00Z,-138,American / Austin-Bergstrom International Airport (AUS)
AA,AUS,Arrival,2017-01-01T23:21:00Z,-120,American / Austin-Bergstrom International Airport (AUS)
AA,AUS,Arrival,2017-01-01T23:31:00Z,-82,American / Austin-Bergstrom International Airport (AUS)
AA,AUS,Arrival,2017-01-01T23:41:00Z,-96,American / Austin-Bergstrom International Airport (AUS)
AA,AUS,Arrival,2017-01-01T23:51:00Z,-62,American / Austin-Bergstrom International Airport (AUS)
AA,AUS,Departure,2017-01-01T00:01:00Z,1,American / Austin-Bergstrom International Airport (AUS)
AA,AUS,Departure,2017-01-01T00:11:00Z,2,American / Austin-Bergstrom International Airport (AUS)
AA,AUS,Departure,2017-01-01T01:01:00Z,4,American / Austin-Bergstrom International Airport (AUS)
AA,AUS,Departure,2017-01-01T01:11:00Z,10,American / Austin-Bergstrom International Airport (AUS)
AA,AUS,Departure,2017-01-01T01:21:00Z,1,American / Austin-Bergstrom International Airport (AUS)
AA,AUS,Departure,2017-01-01T04:51:00Z,223,American / Austin-Bergstrom International Airport (AUS)
AA,AUS,Departure,2017-01-01T05:01:00Z,88,American / Austin-Bergstrom International Airport (AUS)
AA,AUS,Departure,2017-01-01T05:11:00Z,4,American / Austin-Bergstrom International Airport (AUS)
AA,AUS,Departure,2017-01-01T05:21:00Z,1,American / Austin-Bergstrom International Airport (AUS)
AA,AUS,Departure,2017-01-01T05:31:00Z,1,American / Austin-Bergstrom International Airport (AUS)
AA,AUS,Departure,2017-01-01T05:51:00Z,22,American / Austin-Bergstrom International Airport (AUS)
AA,AUS,Departure,2017-01-01T06:01:00Z,226,American / Austin-Bergstrom International Airport (AUS)
AA,AUS,Departure,2017-01-01T06:11:00Z,169,American / Austin-Bergstrom International Airport (AUS)
AA,AUS,Departure,2017-01-01T06:21:00Z,84,American / Austin-Bergstrom International Airport (AUS)
AA,AUS,Departure,2017-01-01T06:31:00Z,19,American / Austin-Bergstrom International Airport (AUS)
AA,AUS,Departure,2017-01-01T06:41:00Z,33,American / Austin-Bergstrom International Airport (AUS)
AA,AUS,Departure,2017-01-01T06:51:00Z,570,American / Austin-Bergstrom International Airport (AUS)
AA,AUS,Departure,2017-01-01T07:01:00Z,145,American / Austin-Bergstrom International Airport (AUS)
AA,AUS,Departure,2017-01-01T07:11:00Z,48,American / Austin-Bergstrom International Airport (AUS)
AA,AUS,Departure,2017-01-01T07:21:00Z,15,American / Austin-Bergstrom International Airport (AUS)
AA,AUS,Departure,2017-01-01T07:31:00Z,100,American / Austin-Bergstrom International Airport (AUS)
AA,AUS,Departure,2017-01-01T07:41:00Z,80,American / Austin-Bergstrom International Airport (AUS)
AA,AUS,Departure,2017-01-01T07:51:00Z,244,American / Austin-Bergstrom International Airport (AUS)
AA,AUS,Departure,2017-01-01T08:01:00Z,174,American / Austin-Bergstrom International Airport (AUS)
AA,AUS,Departure,2017-01-01T08:11:00Z,131,American / Austin-Bergstrom International Airport (AUS)
AA,AUS,Departure,2017-01-01T08:21:00Z,225,American / Austin-Bergstrom International Airport (AUS)
AA,AUS,Departure,2017-01-01T08:31:00Z,179,American / Austin-Bergstrom International Airport (AUS)
AA,AUS,Departure,2017-01-01T08:41:00Z,122,American / Austin-Bergstrom International Airport (AUS)
AA,AUS,Departure,2017-01-01T08:51:00Z,96,American / Austin-Bergstrom International Airport (AUS)
AA,AUS,Departure,2017-01-01T09:01:00Z,158,American / Austin-Bergstrom International Airport (AUS)
AA,AUS,Departure,2017-01-01T09:11:00Z,74,American / Austin-Bergstrom International Airport (AUS)
AA,AUS,Departure,2017-01-01T09:21:00Z,21,American / Austin-Bergstrom International Airport (AUS)
AA,AUS,Departure,2017-01-01T09:31:00Z,19,American / Austin-Bergstrom International Airport (AUS)
AA,AUS,Departure,2017-01-01T09:41:00Z,8,American / Austin-Bergstrom International Airport (AUS)
AA,AUS,Departure,2017-01-01T09:51:00Z,15,American / Austin-Bergstrom International Airport (AUS)
AA,AUS,Departure,2017-01-01T10:01:00Z,13,American / Austin-Bergstrom International Airport (AUS)
AA,AUS,Departure,2017-01-01T10:11:00Z,58,American / Austin-Bergstrom International Airport (AUS)
AA,AUS,Departure,2017-01-01T10:21:00Z,27,American / Austin-Bergstrom International Airport (AUS)
AA,AUS,Departure,2017-01-01T10:31:00Z,265,American / Austin-Bergstrom International Airport (AUS)
AA,AUS,Departure,2017-01-01T10:41:00Z,103,American / Austin-Bergstrom International Airport (AUS)
AA,AUS,Departure,2017-01-01T10:51:00Z,49,American / Austin-Bergstrom International Airport (AUS)
AA,AUS,Departure,2017-01-01T11:01:00Z,27,American / Austin-Bergstrom International Airport (AUS)
AA,AUS,Departure,2017-01-01T11:11:00Z,74,American / Austin-Bergstrom International Airport (AUS)
AA,AUS,Departure,2017-01-01T11:21:00Z,25,American / Austin-Bergstrom International Airport (AUS)
AA,AUS,Departure,2017-01-01T11:31:00Z,30,American / Austin-Bergstrom International Airport (AUS)
AA,AUS,Departure,2017-01-01T11:41:00Z,104,American / Austin-Bergstrom International Airport (AUS)
AA,AUS,Departure,2017-01-01T11:51:00Z,98,American / Austin-Bergstrom International Airport (AUS)
AA,AUS,Departure,2017-01-01T12:01:00Z,54,American / Austin-Bergstrom International Airport (AUS)
AA,AUS,Departure,2017-01-01T12:11:00Z,10,American / Austin-Bergstrom International Airport (AUS)
AA,AUS,Departure,2017-01-01T12:21:00Z,25,American / Austin-Bergstrom International Airport (AUS)
AA,AUS,Departure,2017-01-01T12:31:00Z,202,American / Austin-Bergstrom International Airport (AUS)
AA,AUS,Departure,2017-01-01T12:41:00Z,162,American / Austin-Bergstrom International Airport (AUS)
AA,AUS,Departure,2017-01-01T12:51:00Z,107,American / Austin-Bergstrom International Airport (AUS)
AA,AUS,Departure,2017-01-01T13:01:00Z,110,American / Austin-Bergstrom International Airport (AUS)
AA,AUS,Departure,2017-01-01T13:11:00Z,105,American / Austin-Bergstrom International Airport (AUS)
AA,AUS,Departure,2017-01-01T13:21:00Z,224,American / Austin-Bergstrom International Airport (AUS)
AA,AUS,Departure,2017-01-01T13:31:00Z,142,American / Austin-Bergstrom International Airport (AUS)
AA,AUS,Departure,2017-01-01T13:41:00Z,136,American / Austin-Bergstrom International Airport (AUS)
AA,AUS,Departure,2017-01-01T13:51:00Z,85,American / Austin-Bergstrom International Airport (AUS)
AA,AUS,Departure,2017-01-01T14:01:00Z,47,American / Austin-Bergstrom International Airport (AUS)
AA,AUS,Departure,2017-01-01T14:11:00Z,133,American / Austin-Bergstrom International Airport (AUS)
AA,AUS,Departure,2017-01-01T14:21:00Z,333,American / Austin-Bergstrom International Airport (AUS)
AA,AUS,Departure,2017-01-01T14:31:00Z,142,American / Austin-Bergstrom International Airport (AUS)
AA,AUS,Departure,2017-01-01T14:41:00Z,81,American / Austin-Bergstrom International Airport (AUS)
AA,AUS,Departure,2017-01-01T14:51:00Z,34,American / Austin-Bergstrom International Airport (AUS)
AA,AUS,Departure,2017-01-01T15:01:00Z,37,American / Austin-Bergstrom International Airport (AUS)
AA,AUS,Departure,2017-01-01T15:11:00Z,11,American / Austin-Bergstrom International Airport (AUS)
AA,AUS,Departure,2017-01-01T15:21:00Z,46,American / Austin-Bergstrom International Airport (AUS)
AA,AUS,Departure,2017-01-01T15:31:00Z,186,American / Austin-Bergstrom International Airport (AUS)
AA,AUS,Departure,2017-01-01T15:41:00Z,72,American / Austin-Bergstrom International Airport (AUS)
AA,AUS,Departure,2017-01-01T15:51:00Z,31,American / Austin-Bergstrom International Airport (AUS)
AA,AUS,Departure,2017-01-01T16:01:00Z,19,American / Austin-Bergstrom International Airport (AUS)
AA,AUS,Departure,2017-01-01T16:11:00Z,14,American / Austin-Bergstrom International Airport (AUS)
AA,AUS,Departure,2017-01-01T16:21:00Z,146,American / Austin-Bergstrom International Airport (AUS)
AA,AUS,Departure,2017-01-01T16:31:00Z,117,American / Austin-Bergstrom International Airport (AUS)
AA,AUS,Departure,2017-01-01T16:41:00Z,41,American / Austin-Bergstrom International Airport (AUS)
AA,AUS,Departure,2017-01-01T16:51:00Z,19,American / Austin-Bergstrom International Airport (AUS)
AA,AUS,Departure,2017-01-01T17:01:00Z,11,American / Austin-Bergstrom International Airport (AUS)
AA,AUS,Departure,2017-01-01T17:11:00Z,14,American / Austin-Bergstrom International Airport (AUS)
AA,AUS,Departure,2017-01-01T17:21:00Z,23,American / Austin-Bergstrom International Airport (AUS)
AA,AUS,Departure,2017-01-01T17:31:00Z,242,American / Austin-Bergstrom International Airport (AUS)
AA,AUS,Departure,2017-01-01T17:41:00Z,188,American / Austin-Bergstrom International Airport (AUS)
AA,AUS,Departure,2017-01-01T17:51:00Z,105,American / Austin-Bergstrom International Airport (AUS)
AA,AUS,Departure,2017-01-01T18:01:00Z,61,American / Austin-Bergstrom International Airport (AUS)
AA,AUS,Departure,2017-01-01T18:11:00Z,164,American / Austin-Bergstrom International Airport (AUS)
AA,AUS,Departure,2017-01-01T18:21:00Z,315,American / Austin-Bergstrom International Airport (AUS)
AA,AUS,Departure,2017-01-01T18:31:00Z,204,American / Austin-Bergstrom International Airport (AUS)
AA,AUS,Departure,2017-01-01T18:41:00Z,118,American / Austin-Bergstrom International Airport (AUS)
AA,AUS,Departure,2017-01-01T18:51:00Z,65,American / Austin-Bergstrom International Airport (AUS)
AA,AUS,Departure,2017-01-01T19:01:00Z,28,American / Austin-Bergstrom International Airport (AUS)
AA,AUS,Departure,2017-01-01T19:11:00Z,28,American / Austin-Bergstrom International Airport (AUS)
AA,AUS,Departure,2017-01-01T19:21:00Z,21,American / Austin-Bergstrom International Airport (AUS)
AA,AUS,Departure,2017-01-01T19:31:00Z,120,American / Austin-Bergstrom International Airport (AUS)
AA,AUS,Departure,2017-01-01T19:41:00Z,107,American / Austin-Bergstrom International Airport (AUS)
AA,AUS,Departure,2017-01-01T19:51:00Z,65,American / Austin-Bergstrom International Airport (AUS)
AA,AUS,Departure,2017-01-01T20:01:00Z,67,American / Austin-Bergstrom International Airport (AUS)
AA,AUS,Departure,2017-01-01T20:11:00Z,31,American / Austin-Bergstrom International Airport (AUS)
AA,AUS,Departure,2017-01-01T20:21:00Z,21,American / Austin-Bergstrom International Airport (AUS)
AA,AUS,Departure,2017-01-01T20:31:00Z,24,American / Austin-Bergstrom International Airport (AUS)
AA,AUS,Departure,2017-01-01T20:41:00Z,21,American / Austin-Bergstrom International Airport (AUS)
AA,AUS,Departure,2017-01-01T20:51:00Z,10,American / Austin-Bergstrom International Airport (AUS)
AA,AUS,Departure,2017-01-01T21:01:00Z,20,American / Austin-Bergstrom International Airport (AUS)
AA,AUS,Departure,2017-01-01T21:11:00Z,14,American / Austin-Bergstrom International Airport (AUS)
AA,AUS,Departure,2017-01-01T21:21:00Z,15,American / Austin-Bergstrom International Airport (AUS)
AA,AUS,Departure,2017-01-01T21:31:00Z,8,American / Austin-Bergstrom International Airport (AUS)
AA,AUS,Departure,2017-01-01T21:41:00Z,9,American / Austin-Bergstrom International Airport (AUS)
AA,AUS,Departure,2017-01-01T21:51:00Z,6,American / Austin-Bergstrom International Airport (AUS)
AA,AUS,Departure,2017-01-01T22:01:00Z,3,American / Austin-Bergstrom International Airport (AUS)
AA,AUS,Departure,2017-01-01T22:11:00Z,5,American / Austin-Bergstrom International Airport (AUS)
AA,AUS,Departure,2017-01-01T22:21:00Z,3,American / Austin-Bergstrom International Airport (AUS)
AA,AUS,Departure,2017-01-01T22:31:00Z,2,American / Austin-Bergstrom International Airport (AUS)
AA,AUS,Departure,2017-01-01T22:41:00Z,4,American / Austin-Bergstrom International Airport (AUS)
AA,AUS,Departure,2017-01-01T22:51:00Z,5,American / Austin-Bergstrom International Airport (AUS)
AA,AUS,Departure,2017-01-01T23:01:00Z,3,American / Austin-Bergstrom International Airport (AUS)
AA,AUS,Departure,2017-01-01T23:11:00Z,1,American / Austin-Bergstrom International Airport (AUS)
AA,DFW,Arrival,2017-01-01T00:01:00Z,-215,American / Dallas/Fort Worth International Airport (DFW)
AA,DFW,Arrival,2017-01-01T00:11:00Z,-172,American / Dallas/Fort Worth International Airport (DFW)
AA,DFW,Arrival,2017-01-01T00:21:00Z,-156,American / Dallas/Fort Worth International Airport (DFW)
AA,DFW,Arrival,2017-01-01T00:31:00Z,-129,American / Dallas/Fort Worth International Airport (DFW)
AA,DFW,Arrival,2017-01-01T00:41:00Z,-100,American / Dallas/Fort Worth International Airport (DFW)
AA,DFW,Arrival,2017-01-01T00:51:00Z,-73,American / Dallas/Fort Worth International Airport (DFW)
AA,DFW,Arrival,2017-01-01T01:01:00Z,-48,American / Dallas/Fort Worth International Airport (DFW)
AA,DFW,Arrival,2017-01-01T01:11:00Z,-59,American / Dallas/Fort Worth International Airport (DFW)
AA,DFW,Arrival,2017-01-01T01:21:00Z,-49,American / Dallas/Fort Worth International Airport (DFW)
AA,DFW,Arrival,2017-01-01T01:31:00Z,-57,American / Dallas/Fort Worth International Airport (DFW)
AA,DFW,Arrival,2017-01-01T01:41:00Z,-91,American / Dallas/Fort Worth International Airport (DFW)
AA,DFW,Arrival,2017-01-01T01:51:00Z,-70,American / Dallas/Fort Worth International Airport (DFW)
AA,DFW,Arrival,2017-01-01T02:01:00Z,-54,American / Dallas/Fort Worth International Airport (DFW)
AA,DFW,Arrival,2017-01-01T02:11:00Z,-23,American / Dallas/Fort Worth International Airport (DFW)
AA,DFW,Arrival,2017-01-01T02:21:00Z,-24,American / Dallas/Fort Worth International Airport (DFW)
AA,DFW,Arrival,2017-01-01T02:31:00Z,-12,American / Dallas/Fort Worth International Airport (DFW)
AA,DFW,Arrival,2017-01-01T02:41:00Z,-12,American / Dallas/Fort Worth International Airport (DFW)
AA,DFW,Arrival,2017-01-01T02:51:00Z,-12,American / Dallas/Fort Worth International Airport (DFW)
AA,DFW,Arrival,2017-01-01T03:01:00Z,-9,American / Dallas/Fort Worth International Airport (DFW)
AA,DFW,Arrival,2017-01-01T03:11:00Z,-8,American / Dallas/Fort Worth International Airport (DFW)
AA,DFW,Arrival,2017-01-01T03:21:00Z,-6,American / Dallas/Fort Worth International Airport (DFW)
AA,DFW,Arrival,2017-01-01T03:31:00Z,-4,American / Dallas/Fort Worth International Airport (DFW)
AA,DFW,Arrival,2017-01-01T03:41:00Z,-6,American / Dallas/Fort Worth International Airport (DFW)
AA,DFW,Arrival,2017-01-01T03:51:00Z,-2,American / Dallas/Fort Worth International Airport (DFW)
AA,DFW,Arrival,2017-01-01T04:01:00Z,-3,American / Dallas/Fort Worth International Airport (DFW)
AA,DFW,Arrival,2017-01-01T04:11:00Z,-4,American / Dallas/Fort Worth International Airport (DFW)
AA,DFW,Arrival,2017-01-01T04:21:00Z,-3,American / Dallas/Fort Worth International Airport (DFW)
AA,DFW,Arrival,2017-01-01T04:31:00Z,-13,American / Dallas/Fort Worth International Airport (DFW)
AA,DFW,Arrival,2017-01-01T04:41:00Z,-67,American / Dallas/Fort Worth International Airport (DFW)
AA,DFW,Arrival,2017-01-01T04:51:00Z,-52,American / Dallas/Fort Worth International Airport (DFW)
AA,DFW,Arrival,2017-01-01T05:01:00Z,-50,American / Dallas/Fort Worth International Airport (DFW)
AA,DFW,Arrival,2017-01-01T05:11:00Z,-56,American / Dallas/Fort Worth International Airport (DFW)
AA,DFW,Arrival,2017-01-01T05:21:00Z,-105,American / Dallas/Fort Worth International Airport (DFW)
AA,DFW,Arrival,2017-01-01T05:31:00Z,-337,American / Dallas/Fort Worth International Airport (DFW)
AA,DFW,Arrival,2017-01-01T05:41:00Z,-634,American / Dallas/Fort Worth International Airport (DFW)
AA,DFW,Arrival,2017-01-01T05:51:00Z,-945,American / Dallas/Fort Worth International Airport (DFW)
AA,DFW,Arrival,2017-01-01T06:01:00Z,-913,American / Dallas/Fort Worth International Airport (DFW)
AA,DFW,Arrival,2017-01-01T06:11:00Z,-313,American / Dallas/Fort Worth International Airport (DFW)
AA,DFW,Arrival,2017-01-01T06:21:00Z,-104,American / Dallas/Fort Worth International Airport (DFW)
AA,DFW,Arrival,2017-01-01T06:31:00Z,-60,American / Dallas/Fort Worth International Airport (DFW)
AA,DFW,Arrival,2017-01-01T06:41:00Z,-34,American / Dallas/Fort Worth International Airport (DFW)
AA,DFW,Arrival,2017-01-01T06:51:00Z,-27,American / Dallas/Fort Worth International Airport (DFW)
AA,DFW,Arrival,2017-01-01T07:01:00Z,-155,American / Dallas/Fort Worth International Airport (DFW)
AA,DFW,Arrival,2017-01-01T07:11:00Z,-480,American / Dallas/Fort Worth International Airport (DFW)
AA,DFW,Arrival,2017-01-01T07:21:00Z,-1044,American / Dallas/Fort Worth International Airport (DFW)
AA,DFW,Arrival,2017-01-01T07:31:00Z,-1955,American / Dallas/Fort Worth International Airport (DFW)
AA,DFW,Arrival,2017-01-01T07:41:00Z,-2328,American / Dallas/Fort Worth International Airport (DFW)
AA,DFW,Arrival,2017-01-01T07:51:00Z,-2086,American / Dallas/Fort Worth International Airport (DFW)
AA,DFW,Arrival,2017-01-01T08:01:00Z,-1069,American / Dallas/Fort Worth International Airport (DFW)
AA,DFW,Arrival,2017-01-01T08:11:00Z,-342,American / Dallas/Fort Worth International Airport (DFW)
AA,DFW,Arrival,2017-01-01T08:21:00Z,-264,American / Dallas/Fort Worth International Airport (DFW)
AA,DFW,Arrival,2017-01-01T08:31:00Z,-342,American / Dallas/Fort Worth International Airport (DFW)
AA,DFW,Arrival,2017-01-01T08:41:00Z,-460,American / Dallas/Fort Worth International Airport (DFW)
AA,DFW,Arrival,2017-01-01T08:51:00Z,-804,American / Dallas/Fort Worth International Airport (DFW)
AA,DFW,Arrival,2017-01-01T09:01:00Z,-1415,American / Dallas/Fort Worth International Airport (DFW)
AA,DFW,Arrival,2017-01-01T09:11:00Z,-2595,American / Dallas/Fort Worth International Airport (DFW)
AA,DFW,Arrival,2017-01-01T09:21:00Z,-3473,American / Dallas/Fort Worth International Airport (DFW)
AA,DFW,Arrival,2017-01-01T09:31:00Z,-3350,American / Dallas/Fort Worth International Airport (DFW)
AA,DFW,Arrival,2017-01-01T09:41:00Z,-2545,American / Dallas/Fort Worth International Airport (DFW)
AA,DFW,Arrival,2017-01-01T09:51:00Z,-1276,American / Dallas/Fort Worth International Airport (DFW)
AA,DFW,Arrival,2017-01-01T10:01:00Z,-657,American / Dallas/Fort Worth International Airport (DFW)
AA,DFW,Arrival,2017-01-01T10:11:00Z,-371,American / Dallas/Fort Worth International Airport (DFW)
AA,DFW,Arrival,2017-01-01T10:21:00Z,-462,American / Dallas/Fort Worth International Airport (DFW)
AA,DFW,Arrival,2017-01-01T10:31:00Z,-444,American / Dallas/Fort Worth International Airport (DFW)
AA,DFW,Arrival,2017-01-01T10:41:00Z,-633,American / Dallas/Fort Worth International Airport (DFW)
AA,DFW,Arrival,2017-01-01T10:51:00Z,-1232,American / Dallas/Fort Worth International Airport (DFW)
AA,DFW,Arrival,2017-01-01T11:01:00Z,-2057,American / Dallas/Fort Worth International Airport (DFW)
AA,DFW,Arrival,2017-01-01T11:11:00Z,-2491,American / Dallas/Fort Worth International Airport (DFW)
AA,DFW,Arrival,2017-01-01T11:21:00Z,-2542,American / Dallas/Fort Worth International Airport (DFW)
AA,DFW,Arrival,2017-01-01T11:31:00Z,-2521,American / Dallas/Fort Worth International Airport (DFW)
AA,DFW,Arrival,2017-01-01T11:41:00Z,-2291,American / Dallas/Fort Worth International Airport (DFW)
AA,DFW,Arrival,2017-01-01T11:51:00Z,-1529,American / Dallas/Fort Worth International Airport (DFW)
AA,DFW,Arrival,2017-01-01T12:01:00Z,-844,American / Dallas/Fort Worth International Airport (DFW)
AA,DFW,Arrival,2017-01-01T12:11:00Z,-591,American / Dallas/Fort Worth International Airport (DFW)
AA,DFW,Arrival,2017-01-01T12:21:00Z,-551,American / Dallas/Fort Worth International Airport (DFW)
AA,DFW,Arrival,2017-01-01T12:31:00Z,-527,American / Dallas/Fort Worth International Airport (DFW)
AA,DFW,Arrival,2017-01-01T12:41:00Z,-735,American / Dallas/Fort Worth International Airport (DFW)
AA,DFW,Arrival,2017-01-01T12:51:00Z,-1139,American / Dallas/Fort Worth International Airport (DFW)
AA,DFW,Arrival,2017-01-01T13:01:00Z,-1623,American / Dallas/Fort Worth International Airport (DFW)
AA,DFW,Arrival,2017-01-01T13:11:00Z,-2180,American / Dallas/Fort Worth International Airport (DFW)
AA,DFW,Arrival,2017-01-01T13:21:00Z,-2447,American / Dallas/Fort Worth International Airport (DFW)
AA,DFW,Arrival,2017-01-01T13:31:00Z,-2299,American / Dallas/Fort Worth International Airport (DFW)
AA,DFW,Arrival,2017-01-01T13:41:00Z,-1753,American / Dallas/Fort Worth International Airport (DFW)
AA,DFW,Arrival,2017-01-01T13:51:00Z,-1271,American / Dallas/Fort Worth International Airport (DFW)
AA,DFW,Arrival,2017-01-01T14:01:00Z,-940,American / Dallas/Fort Worth International Airport (DFW)
AA,DFW,Arrival,2017-01-01T14:11:00Z,-646,American / Dallas/Fort Worth International Airport (DFW)
AA,DFW,Arrival,2017-01-01T14:21:00Z,-428,American / Dallas/Fort Worth International Airport (DFW)
AA,DFW,Arrival,2017-01-01T14:31:00Z,-323,American / Dallas/Fort Worth International Airport (DFW)
AA,DFW,Arrival,2017-01-01T14:41:00Z,-345,American / Dallas/Fort Worth International Airport (DFW)
AA,DFW,Arrival,2017-01-01T14:51:00Z,-615,American / Dallas/Fort Worth International Airport (DFW)
AA,DFW,Arrival,2017-01-01T15:01:00Z,-1191,American / Dallas/Fort Worth International Airport (DFW)
AA,DFW,Arrival,2017-01-01T15:11:00Z,-1754,American / Dallas/Fort Worth International Airport (DFW)
AA,DFW,Arrival,2017-01-01T15:21:00Z,-2069,American / Dallas/Fort Worth International Airport (DFW)
AA,DFW,Arrival,2017-01-01T15:31:00Z,-2187,American / Dallas/Fort Worth International Airport (DFW)
AA,DFW,Arrival,2017-01-01T15:41:00Z,-1772,American / Dallas/Fort Worth International Airport (DFW)
AA,DFW,Arrival,2017-01-01T15:51:00Z,-1114,American / Dallas/Fort Worth International Airport (DFW)
AA,DFW,Arrival,2017-01-01T16:01:00Z,-818,American / Dallas/Fort Worth International Airport (DFW)
AA,DFW,Arrival,2017-01-01T16:11:00Z,-750,American / Dallas/Fort Worth International Airport (DFW)
AA,DFW,Arrival,2017-01-01T16:21:00Z,-762,American / Dallas/Fort Worth International Airport (DFW)
AA,DFW,Arrival,2017-01-01T16:31:00Z,-808,American / Dallas/Fort Worth International Airport (DFW)
AA,DFW,Arrival,2017-01-01T16:41:00Z,-930,American / Dallas/Fort Worth International Airport (DFW)
AA,DFW,Arrival,2017-01-01T16:51:00Z,-1318,American / Dallas/Fort Worth International Airport (DFW)
AA,DFW,Arrival,2017-01-01T17:01:00Z,-1923,American / Dallas/Fort Worth International Airport (DFW)
AA,DFW,Arrival,2017-01-01T17:11:00Z,-2311,American / Dallas/Fort Worth International Airport (DFW)
AA,DFW,Arrival,2017-01-01T17:21:00Z,-2820,American / Dallas/Fort Worth International Airport (DFW)
AA,DFW,Arrival,2017-01-01T17:31:00Z,-2777,American / Dallas/Fort Worth International Airport (DFW)
AA,DFW,Arrival,2017-01-01T17:41:00Z,-2655,American / Dallas/Fort Worth International Airport (DFW)
AA,DFW,Arrival,2017-01-01T17:51:00Z,-1982,American / Dallas/Fort Worth International Airport (DFW)
AA,DFW,Arrival,2017-01-01T18:01:00Z,-1287,American / Dallas/Fort Worth International Airport (DFW)
AA,DFW,Arrival,2017-01-01T18:11:00Z,-766,American / Dallas/Fort Worth International Airport (DFW)
AA,DFW,Arrival,2017-01-01T18:21:00Z,-569,American / Dallas/Fort Worth International Airport (DFW)
AA,DFW,Arrival,2017-01-01T18:31:00Z,-762,American / Dallas/Fort Worth International Airport (DFW)
AA,DFW,Arrival,2017-01-01T18:41:00Z,-1060,American / Dallas/Fort Worth International Airport (DFW)
AA,DFW,Arrival,2017-01-01T18:51:00Z,-1701,American / Dallas/Fort Worth International Airport (DFW)
AA,DFW,Arrival,2017-01-01T19:01:00Z,-2505,American / Dallas/Fort Worth International Airport (DFW)
AA,DFW,Arrival,2017-01-01T19:11:00Z,-2961,American / Dallas/Fort Worth International Airport (DFW)
AA,DFW,Arrival,2017-01-01T19:21:00Z,-2706,American / Dallas/Fort Worth International Airport (DFW)
AA,DFW,Arrival,2017-01-01T19:31:00Z,-1992,American / Dallas/Fort Worth International Airport (DFW)
AA,DFW,Arrival,2017-01-01T19:41:00Z,-1091,American / Dallas/Fort Worth International Airport (DFW)
AA,DFW,Arrival,2017-01-01T19:51:00Z,-704,American / Dallas/Fort Worth International Airport (DFW)
AA,DFW,Arrival,2017-01-01T20:01:00Z,-479,American / Dallas/Fort Worth International Airport (DFW)
AA,DFW,Arrival,2017-01-01T20:11:00Z,-507,American / Dallas/Fort Worth International Airport (DFW)
AA,DFW,Arrival,2017-01-01T20:21:00Z,-711,American / Dallas/Fort Worth International Airport (DFW)
AA,DFW,Arrival,2017-01-01T20:31:00Z,-1159,American / Dallas/Fort Worth International Airport (DFW)
AA,DFW,Arrival,2017-01-01T20:41:00Z,-1805,American / Dallas/Fort Worth International Airport (DFW)
AA,DFW,Arrival,2017-01-01T20:51:00Z,-2508,American / Dallas/Fort Worth International Airport (DFW)
AA,DFW,Arrival,2017-01-01T21:01:00Z,-2483,American / Dallas/Fort Worth International Airport (DFW)
AA,DFW,Arrival,2017-01-01T21:11:00Z,-1918,American / Dallas/Fort Worth International Airport (DFW)
AA,DFW,Arrival,2017-01-01T21:21:00Z,-1181,American / Dallas/Fort Worth International Airport (DFW)
AA,DFW,Arrival,2017-01-01T21:31:00Z,-772,American / Dallas/Fort Worth International Airport (DFW)
AA,DFW,Arrival,2017-01-01T21:41:00Z,-540,American / Dallas/Fort Worth International Airport (DFW)
AA,DFW,Arrival,2017-01-01T21:51:00Z,-431,American / Dallas/Fort Worth International Airport (DFW)
AA,DFW,Arrival,2017-01-01T22:01:00Z,-472,American / Dallas/Fort Worth International Airport (DFW)
AA,DFW,Arrival,2017-01-01T22:11:00Z,-597,American / Dallas/Fort Worth International Airport (DFW)
AA,DFW,Arrival,2017-01-01T22:21:00Z,-590,American / Dallas/Fort Worth International Airport (DFW)
AA,DFW,Arrival,2017-01-01T22:31:00Z,-584,American / Dallas/Fort Worth International Airport (DFW)
AA,DFW,Arrival,2017-01-01T22:41:00Z,-593,American / Dallas/Fort Worth International Airport (DFW)
AA,DFW,Arrival,2017-01-01T22:51:00Z,-457,American / Dallas/Fort Worth International Airport (DFW)
AA,DFW,Arrival,2017-01-01T23:01:00Z,-467,American / Dallas/Fort Worth International Airport (DFW)
AA,DFW,Arrival,2017-01-01T23:11:00Z,-473,American / Dallas/Fort Worth International Airport (DFW)
AA,DFW,Arrival,2017-01-01T23:21:00Z,-393,American / Dallas/Fort Worth International Airport (DFW)
AA,DFW,Arrival,2017-01-01T23:31:00Z,-408,American / Dallas/Fort Worth International Airport (DFW)
AA,DFW,Arrival,2017-01-01T23:41:00Z,-385,American / Dallas/Fort Worth International Airport (DFW)
AA,DFW,Arrival,2017-01-01T23:51:00Z,-257,American / Dallas/Fort Worth International Airport (DFW)
AA,DFW,Departure,2017-01-01T00:01:00Z,105,American / Dallas/Fort Worth International Airport (DFW)
AA,DFW,Departure,2017-01-01T00:11:00Z,70,American / Dallas/Fort Worth International Airport (DFW)
AA,DFW,Departure,2017-01-01T00:21:00Z,51,American / Dallas/Fort Worth International Airport (DFW)
AA,DFW,Departure,2017-01-01T00:31:00Z,37,American / Dallas/Fort Worth International Airport (DFW)
AA,DFW,Departure,2017-01-01T00:41:00Z,23,American / Dallas/Fort Worth International Airport (DFW)
AA,DFW,Departure,2017-01-01T00:51:00Z,27,American / Dallas/Fort Worth International Airport (DFW)
AA,DFW,Departure,2017-01-01T01:01:00Z,9,American / Dallas/Fort Worth International Airport (DFW)
AA,DFW,Departure,2017-01-01T01:11:00Z,9,American / Dallas/Fort Worth International Airport (DFW)
AA,DFW,Departure,2017-01-01T01:21:00Z,10,American / Dallas/Fort Worth International Airport (DFW)
AA,DFW,Departure,2017-01-01T01:31:00Z,19,American / Dallas/Fort Worth International Airport (DFW)
AA,DFW,Departure,2017-01-01T01:41:00Z,10,American / Dallas/Fort Worth International Airport (DFW)
AA,DFW,Departure,2017-01-01T01:51:00Z,12,American / Dallas/Fort Worth International Airport (DFW)
AA,DFW,Departure,2017-01-01T02:01:00Z,10,American / Dallas/Fort Worth International Airport (DFW)
AA,DFW,Departure,2017-01-01T02:11:00Z,7,American / Dallas/Fort Worth International Airport (DFW)
AA,DFW,Departure,2017-01-01T02:21:00Z,4,American / Dallas/Fort Worth International Airport (DFW)
AA,DFW,Departure,2017-01-01T02:31:00Z,2,American / Dallas/Fort Worth International Airport (DFW)
AA,DFW,Departure,2017-01-01T02:41:00Z,1,American / Dallas/Fort Worth International Airport (DFW)
AA,DFW,Departure,2017-01-01T02:51:00Z,6,American / Dallas/Fort Worth International Airport (DFW)
AA,DFW,Departure,2017-01-01T03:01:00Z,2,American / Dallas/Fort Worth International Airport (DFW)
AA,DFW,Departure,2017-01-01T03:41:00Z,1,American / Dallas/Fort Worth International Airport (DFW)
AA,DFW,Departure,2017-01-01T04:21:00Z,1,American / Dallas/Fort Worth International Airport (DFW)
AA,DFW,Departure,2017-01-01T04:41:00Z,1,American / Dallas/Fort Worth International Airport (DFW)
AA,DFW,Departure,2017-01-01T04:51:00Z,254,American / Dallas/Fort Worth International Airport (DFW)
AA,DFW,Departure,2017-01-01T05:01:00Z,144,American / Dallas/Fort Worth International Airport (DFW)
AA,DFW,Departure,2017-01-01T05:11:00Z,183,American / Dallas/Fort Worth International Airport (DFW)
AA,DFW,Departure,2017-01-01T05:21:00Z,201,American / Dallas/Fort Worth International Airport (DFW)
AA,DFW,Departure,2017-01-01T05:31:00Z,48,American / Dallas/Fort Worth International Airport (DFW)
AA,DFW,Departure,2017-01-01T05:41:00Z,28,American / Dallas/Fort Worth International Airport (DFW)
AA,DFW,Departure,2017-01-01T05:51:00Z,714,American / Dallas/Fort Worth International Airport (DFW)
AA,DFW,Departure,2017-01-01T06:01:00Z,288,American / Dallas/Fort Worth International Airport (DFW)
AA,DFW,Departure,2017-01-01T06:11:00Z,174,American / Dallas/Fort Worth International Airport (DFW)
AA,DFW,Departure,2017-01-01T06:21:00Z,306,American / Dallas/Fort Worth International Airport (DFW)
AA,DFW,Departure,2017-01-01T06:31:00Z,242,American / Dallas/Fort Worth International Airport (DFW)
AA,DFW,Departure,2017-01-01T06:41:00Z,688,American / Dallas/Fort Worth International Airport (DFW)
AA,DFW,Departure,2017-01-01T06:51:00Z,2991,American / Dallas/Fort Worth International Airport (DFW)
AA,DFW,Departure,2017-01-01T07:01:00Z,3561,American / Dallas/Fort Worth International Airport (DFW)
AA,DFW,Departure,2017-01-01T07:11:00Z,2091,American / Dallas/Fort Worth International Airport (DFW)
AA,DFW,Departure,2017-01-01T07:21:00Z,1233,American / Dallas/Fort Worth International Airport (DFW)
AA,DFW,Departure,2017-01-01T07:31:00Z,363,American / Dallas/Fort Worth International Airport (DFW)
AA,DFW,Departure,2017-01-01T07:41:00Z,211,American / Dallas/Fort Worth International Airport (DFW)
AA,DFW,Departure,2017-01-01T07:51:00Z,257,American / Dallas/Fort Worth International Airport (DFW)
AA,DFW,Departure,2017-01-01T08:01:00Z,155,American / Dallas/Fort Worth International Airport (DFW)
AA,DFW,Departure,2017-01-01T08:11:00Z,84,American / Dallas/Fort Worth International Airport (DFW)
AA,DFW,Departure,2017-01-01T08:21:00Z,86,American / Dallas/Fort Worth International Airport (DFW)
AA,DFW,Departure,2017-01-01T08:31:00Z,673,American / Dallas/Fort Worth International Airport (DFW)
AA,DFW,Departure,2017-01-01T08:41:00Z,2839,American / Dallas/Fort Worth International Airport (DFW)
AA,DFW,Departure,2017-01-01T08:51:00Z,3575,American / Dallas/Fort Worth International Airport (DFW)
AA,DFW,Departure,2017-01-01T09:01:00Z,3412,American / Dallas/Fort Worth International Airport (DFW)
AA,DFW,Departure,2017-01-01T09:11:00Z,1365,American / Dallas/Fort Worth International Airport (DFW)
AA,DFW,Departure,2017-01-01T09:21:00Z,426,American / Dallas/Fort Worth International Airport (DFW)
AA,DFW,Departure,2017-01-01T09:31:00Z,303,American / Dallas/Fort Worth International Airport (DFW)
AA,DFW,Departure,2017-01-01T09:41:00Z,310,American / Dallas/Fort Worth International Airport (DFW)
AA,DFW,Departure,2017-01-01T09:51:00Z,297,American / Dallas/Fort Worth International Airport (DFW)
AA,DFW,Departure,2017-01-01T10:01:00Z,221,American / Dallas/Fort Worth International Airport (DFW)
AA,DFW,Departure,2017-01-01T10:11:00Z,1605,American / Dallas/Fort Worth International Airport (DFW)
AA,DFW,Departure,2017-01-01T10:21:00Z,3165,American / Dallas/Fort Worth International Airport (DFW)
AA,DFW,Departure,2017-01-01T10:31:00Z,2032,American / Dallas/Fort Worth International Airport (DFW)
AA,DFW,Departure,2017-01-01T10:41:00Z,2283,American / Dallas/Fort Worth International Airport (DFW)
AA,DFW,Departure,2017-01-01T10:51:00Z,2961,American / Dallas/Fort Worth International Airport (DFW)
AA,DFW,Departure,2017-01-01T11:01:00Z,2548,American / Dallas/Fort Worth International Airport (DFW)
AA,DFW,Departure,2017-01-01T11:11:00Z,1157,American / Dallas/Fort Worth International Airport (DFW)
AA,DFW,Departure,2017-01-01T11:21:00Z,770,American / Dallas/Fort Worth International Airport (DFW)
AA,DFW,Departure,2017-01-01T11:31:00Z,564,American / Dallas/Fort Worth International Airport (DFW)
AA,DFW,Departure,2017-01-01T11:41:00Z,521,American / Dallas/Fort Worth International Airport (DFW)
AA,DFW,Departure,2017-01-01T11:51:00Z,391,American / Dallas/Fort Worth International Airport (DFW)
AA,DFW,Departure,2017-01-01T12:01:00Z,797,American / Dallas/Fort Worth International Airport (DFW)
AA,DFW,Departure,2017-01-01T12:11:00Z,2157,American / Dallas/Fort Worth International Airport (DFW)
AA,DFW,Departure,2017-01-01T12:21:00Z,2829,American / Dallas/Fort Worth International Airport (DFW)
AA,DFW,Departure,2017-01-01T12:31:00Z,2926,American / Dallas/Fort Worth International Airport (DFW)
AA,DFW,Departure,2017-01-01T12:41:00Z,2665,American / Dallas/Fort Worth International Airport (DFW)
AA,DFW,Departure,2017-01-01T12:51:00Z,2168,American / Dallas/Fort Worth International Airport (DFW)
AA,DFW,Departure,2017-01-01T13:01:00Z,1339,American / Dallas/Fort Worth International Airport (DFW)
AA,DFW,Departure,2017-01-01T13:11:00Z,1011,American / Dallas/Fort Worth International Airport (DFW)
AA,DFW,Departure,2017-01-01T13:21:00Z,929,American / Dallas/Fort Worth International Airport (DFW)
AA,DFW,Departure,2017-01-01T13:31:00Z,469,American / Dallas/Fort Worth International Airport (DFW)
AA,DFW,Departure,2017-01-01T13:41:00Z,617,American / Dallas/Fort Worth International Airport (DFW)
AA,DFW,Departure,2017-01-01T13:51:00Z,552,American / Dallas/Fort Worth International Airport (DFW)
AA,DFW,Departure,2017-01-01T14:01:00Z,540,American / Dallas/Fort Worth International Airport (DFW)
AA,DFW,Departure,2017-01-01T14:11:00Z,663,American / Dallas/Fort Worth International Airport (DFW)
AA,DFW,Departure,2017-01-01T14:21:00Z,2710,American / Dallas/Fort Worth International Airport (DFW)
AA,DFW,Departure,2017-01-01T14:31:00Z,2692,American / Dallas/Fort Worth International Airport (DFW)
AA,DFW,Departure,2017-01-01T14:41:00Z,2404,American / Dallas/Fort Worth International Airport (DFW)
AA,DFW,Departure,2017-01-01T14:51:00Z,2061,American / Dallas/Fort Worth International Airport (DFW)
AA,DFW,Departure,2017-01-01T15:01:00Z,1159,American / Dallas/Fort Worth International Airport (DFW)
AA,DFW,Departure,2017-01-01T15:11:00Z,946,American / Dallas/Fort Worth International Airport (DFW)
AA,DFW,Departure,2017-01-01T15:21:00Z,1023,American / Dallas/Fort Worth International Airport (DFW)
AA,DFW,Departure,2017-01-01T15:31:00Z,513,American / Dallas/Fort Worth International Airport (DFW)
AA,DFW,Departure,2017-01-01T15:41:00Z,351,American / Dallas/Fort Worth International Airport (DFW)
AA,DFW,Departure,2017-01-01T15:51:00Z,491,American / Dallas/Fort Worth International Airport (DFW)
AA,DFW,Departure,2017-01-01T16:01:00Z,344,American / Dallas/Fort Worth International Airport (DFW)
AA,DFW,Departure,2017-01-01T16:11:00Z,530,American / Dallas/Fort Worth International Airport (DFW)
AA,DFW,Departure,2017-01-01T16:21:00Z,1625,American / Dallas/Fort Worth International Airport (DFW)
AA,DFW,Departure,2017-01-01T16:31:00Z,2376,American / Dallas/Fort Worth International Airport (DFW)
AA,DFW,Departure,2017-01-01T16:41:00Z,2284,American / Dallas/Fort Worth International Airport (DFW)
AA,DFW,Departure,2017-01-01T16:51:00Z,2084,American / Dallas/Fort Worth International Airport (DFW)
AA,DFW,Departure,2017-01-01T17:01:00Z,1175,American / Dallas/Fort Worth International Airport (DFW)
AA,DFW,Departure,2017-01-01T17:11:00Z,883,American / Dallas/Fort Worth International Airport (DFW)
AA,DFW,Departure,2017-01-01T17:21:00Z,1054,American / Dallas/Fort Worth International Airport (DFW)
AA,DFW,Departure,2017-01-01T17:31:00Z,1013,American / Dallas/Fort Worth International Airport (DFW)
AA,DFW,Departure,2017-01-01T17:41:00Z,880,American / Dallas/Fort Worth International Airport (DFW)
AA,DFW,Departure,2017-01-01T17:51:00Z,608,American / Dallas/Fort Worth International Airport (DFW)
AA,DFW,Departure,2017-01-01T18:01:00Z,419,American / Dallas/Fort Worth International Airport (DFW)
AA,DFW,Departure,2017-01-01T18:11:00Z,653,American / Dallas/Fort Worth International Airport (DFW)
AA,DFW,Departure,2017-01-01T18:21:00Z,3374,American / Dallas/Fort Worth International Airport (DFW)
AA,DFW,Departure,2017-01-01T18:31:00Z,3042,American / Dallas/Fort Worth International Airport (DFW)
AA,DFW,Departure,2017-01-01T18:41:00Z,3726,American / Dallas/Fort Worth International Airport (DFW)
AA,DFW,Departure,2017-01-01T18:51:00Z,3169,American / Dallas/Fort Worth International Airport (DFW)
AA,DFW,Departure,2017-01-01T19:01:00Z,1730,American / Dallas/Fort Worth International Airport (DFW)
AA,DFW,Departure,2017-01-01T19:11:00Z,1025,American / Dallas/Fort Worth International Airport (DFW)
AA,DFW,Departure,2017-01-01T19:21:00Z,720,American / Dallas/Fort Worth International Airport (DFW)
AA,DFW,Departure,2017-01-01T19:31:00Z,558,American / Dallas/Fort Worth International Airport (DFW)
AA,DFW,Departure,2017-01-01T19:41:00Z,429,American / Dallas/Fort Worth International Airport (DFW)
AA,DFW,Departure,2017-01-01T19:51:00Z,370,American / Dallas/Fort Worth International Airport (DFW)
AA,DFW,Departure,2017-01-01T20:01:00Z,1020,American / Dallas/Fort Worth International Airport (DFW)
AA,DFW,Departure,2017-01-01T20:11:00Z,2481,American / Dallas/Fort Worth International Airport (DFW)
AA,DFW,Departure,2017-01-01T20:21:00Z,3449,American / Dallas/Fort Worth International Airport (DFW)
AA,DFW,Departure,2017-01-01T20:31:00Z,3035,American / Dallas/Fort Worth International Airport (DFW)
AA,DFW,Departure,2017-01-01T20:41:00Z,1893,American / Dallas/Fort Worth International Airport (DFW)
AA,DFW,Departure,2017-01-01T20:51:00Z,984,American / Dallas/Fort Worth International Airport (DFW)
AA,DFW,Departure,2017-01-01T21:01:00Z,586,American / Dallas/Fort Worth International Airport (DFW)
AA,DFW,Departure,2017-01-01T21:11:00Z,466,American / Dallas/Fort Worth International Airport (DFW)
AA,DFW,Departure,2017-01-01T21:21:00Z,375,American / Dallas/Fort Worth International Airport (DFW)
AA,DFW,Departure,2017-01-01T21:31:00Z,298,American / Dallas/Fort Worth International Airport (DFW)
AA,DFW,Departure,2017-01-01T21:41:00Z,278,American / Dallas/Fort Worth International Airport (DFW)
AA,DFW,Departure,2017-01-01T21:51:00Z,649,American / Dallas/Fort Worth International Airport (DFW)
AA,DFW,Departure,2017-01-01T22:01:00Z,1663,American / Dallas/Fort Worth International Airport (DFW)
AA,DFW,Departure,2017-01-01T22:11:00Z,1543,American / Dallas/Fort Worth International Airport (DFW)
AA,DFW,Departure,2017-01-01T22:21:00Z,1138,American / Dallas/Fort Worth International Airport (DFW)
AA,DFW,Departure,2017-01-01T22:31:00Z,507,American / Dallas/Fort Worth International Airport (DFW)
AA,DFW,Departure,2017-01-01T22:41:00Z,327,American / Dallas/Fort Worth International Airport (DFW)
AA,DFW,Departure,2017-01-01T22:51:00Z,215,American / Dallas/Fort Worth International Airport (DFW)
AA,DFW,Departure,2017-01-01T23:01:00Z,179,American / Dallas/Fort Worth International Airport (DFW)
AA,DFW,Departure,2017-01-01T23:11:00Z,141,American / Dallas/Fort Worth International Airport (DFW)
AA,DFW,Departure,2017-01-01T23:21:00Z,126,American / Dallas/Fort Worth International Airport (DFW)
AA,DFW,Departure,2017-01-01T23:31:00Z,87,American / Dallas/Fort Worth International Airport (DFW)
AA,DFW,Departure,2017-01-01T23:41:00Z,138,American / Dallas/Fort Worth International Airport (DFW)
AA,DFW,Departure,2017-01-01T23:51:00Z,139,American / Dallas/Fort Worth International Airport (DFW)
